연월,업종명,이용자구분,성별,이용자수,이용건수,이용금액
201801,관광 민예품 및 선물용품 소매업,내국인,남성,8689,9383,313332360
201801,관광 민예품 및 선물용품 소매업,내국인,알수없음,5,5,467000
201801,관광 민예품 및 선물용품 소매업,내국인,여성,10345,11246,330131900
201801,관광 민예품 및 선물용품 소매업,중국,알수없음,5,5,1207250
201801,그외 기타 분류안된 오락관련 서비스업,내국인,남성,39,43,2346000
201801,그외 기타 분류안된 오락관련 서비스업,내국인,알수없음,1,1,110000
201801,그외 기타 분류안된 오락관련 서비스업,내국인,여성,24,24,1098000
201801,기타 수상오락 서비스업,내국인,남성,10,10,1552000
201801,기타 수상오락 서비스업,내국인,여성,1,1,36000
201801,기타 외국식 음식점업,내국인,남성,3344,3455,119065520
201801,기타 외국식 음식점업,내국인,알수없음,5,5,210500
201801,기타 외국식 음식점업,내국인,여성,1878,1923,64450720
201801,비알콜 음료점업,내국인,남성,20174,21610,220615737
201801,비알콜 음료점업,내국인,알수없음,47,53,468600
201801,비알콜 음료점업,내국인,여성,22535,24200,251751473
201801,비알콜 음료점업,중국,알수없음,2,2,43800
201801,빵 및 과자류 소매업,내국인,남성,16139,17266,239482608
201801,빵 및 과자류 소매업,내국인,알수없음,57,63,644350
201801,빵 및 과자류 소매업,내국인,여성,19004,20307,280109307
201801,빵 및 과자류 소매업,중국,알수없음,8,8,82850
201801,서양식 음식점업,내국인,남성,27545,29977,692356218
201801,서양식 음식점업,내국인,알수없음,38,41,787310
201801,서양식 음식점업,내국인,여성,34672,38073,755113049
201801,서양식 음식점업,중국,알수없음,3,3,32500
201801,스포츠 및 레크레이션 용품 임대업,내국인,남성,3686,4043,326641260
201801,스포츠 및 레크레이션 용품 임대업,내국인,알수없음,13,15,2435700
201801,스포츠 및 레크레이션 용품 임대업,내국인,여성,2207,2443,222127930
201801,스포츠 및 레크레이션 용품 임대업,중국,알수없음,34,40,6138400
201801,일식 음식점업,내국인,남성,9391,9507,768310714
201801,일식 음식점업,내국인,알수없음,11,12,1042600
201801,일식 음식점업,내국인,여성,6912,7017,464991272
201801,일식 음식점업,중국,알수없음,1,1,132000
201801,중식 음식점업,내국인,남성,7114,7350,206084000
201801,중식 음식점업,내국인,알수없음,12,12,1172500
201801,중식 음식점업,내국인,여성,3476,3564,102997930
201801,중식 음식점업,중국,알수없음,2,2,78000
201801,"피자, 햄버거, 샌드위치 및 유사 음식점업",내국인,남성,17736,18859,242614215
201801,"피자, 햄버거, 샌드위치 및 유사 음식점업",내국인,알수없음,48,54,706700
201801,"피자, 햄버거, 샌드위치 및 유사 음식점업",내국인,여성,14241,15235,190020690
201801,한식 음식점업,내국인,남성,157248,164314,6971040839
201801,한식 음식점업,내국인,알수없음,199,213,7472620
201801,한식 음식점업,내국인,여성,112103,116728,4578012276
201801,한식 음식점업,중국,알수없음,404,412,10389300
201802,관광 민예품 및 선물용품 소매업,내국인,남성,6701,7223,212438549
201802,관광 민예품 및 선물용품 소매업,내국인,알수없음,9,9,333500
201802,관광 민예품 및 선물용품 소매업,내국인,여성,8326,9032,245649170
201802,관광 민예품 및 선물용품 소매업,중국,알수없음,10,12,1881200
201802,그외 기타 분류안된 오락관련 서비스업,내국인,남성,49,49,2369000
201802,그외 기타 분류안된 오락관련 서비스업,내국인,여성,22,23,1213500
201802,기타 수상오락 서비스업,내국인,남성,7,7,1225000
201802,기타 수상오락 서비스업,내국인,여성,3,3,254000
201802,기타 외국식 음식점업,내국인,남성,2493,2567,82018884
201802,기타 외국식 음식점업,내국인,알수없음,6,6,178500
201802,기타 외국식 음식점업,내국인,여성,1441,1472,46476410
201802,비알콜 음료점업,내국인,남성,17998,19151,193662930
201802,비알콜 음료점업,내국인,알수없음,27,29,251800
201802,비알콜 음료점업,내국인,여성,19197,20459,210838321
201802,빵 및 과자류 소매업,내국인,남성,13201,13997,201834270
201802,빵 및 과자류 소매업,내국인,알수없음,54,58,529450
201802,빵 및 과자류 소매업,내국인,여성,15817,16861,234778742
201802,빵 및 과자류 소매업,중국,알수없음,9,9,114400
201802,서양식 음식점업,내국인,남성,23775,25894,592872215
201802,서양식 음식점업,내국인,알수없음,43,49,1669600
201802,서양식 음식점업,내국인,여성,29747,32513,648179934
201802,서양식 음식점업,중국,알수없음,25,28,547460
201802,스포츠 및 레크레이션 용품 임대업,내국인,남성,3236,3530,287060460
201802,스포츠 및 레크레이션 용품 임대업,내국인,알수없음,15,15,1633800
201802,스포츠 및 레크레이션 용품 임대업,내국인,여성,1914,2104,180890770
201802,스포츠 및 레크레이션 용품 임대업,중국,알수없음,73,86,16322000
201802,일식 음식점업,내국인,남성,7787,7875,618058450
201802,일식 음식점업,내국인,알수없음,8,8,326000
201802,일식 음식점업,내국인,여성,5645,5715,377086050
201802,중식 음식점업,내국인,남성,5574,5707,158298281
201802,중식 음식점업,내국인,알수없음,15,15,840000
201802,중식 음식점업,내국인,여성,2624,2679,75285410
201802,중식 음식점업,중국,알수없음,2,2,38000
201802,"피자, 햄버거, 샌드위치 및 유사 음식점업",내국인,남성,16155,17162,209825151
201802,"피자, 햄버거, 샌드위치 및 유사 음식점업",내국인,알수없음,62,70,703900
201802,"피자, 햄버거, 샌드위치 및 유사 음식점업",내국인,여성,12467,13294,156131035
201802,한식 음식점업,내국인,남성,127797,133249,5399703360
201802,한식 음식점업,내국인,알수없음,184,191,7677700
201802,한식 음식점업,내국인,여성,90995,95018,3538199565
201802,한식 음식점업,중국,알수없음,345,353,12197800
201803,관광 민예품 및 선물용품 소매업,내국인,남성,8663,9424,329576075
201803,관광 민예품 및 선물용품 소매업,내국인,알수없음,10,12,227100
201803,관광 민예품 및 선물용품 소매업,내국인,여성,10706,11743,380918040
201803,관광 민예품 및 선물용품 소매업,중국,알수없음,7,7,676900
201803,그외 기타 분류안된 오락관련 서비스업,내국인,남성,34,34,1616000
201803,그외 기타 분류안된 오락관련 서비스업,내국인,여성,23,24,984000
201803,기타 수상오락 서비스업,내국인,남성,8,8,1613000
201803,기타 수상오락 서비스업,내국인,여성,3,3,283000
201803,기타 외국식 음식점업,내국인,남성,3018,3123,103545550
201803,기타 외국식 음식점업,내국인,알수없음,11,11,502700
201803,기타 외국식 음식점업,내국인,여성,1658,1696,57717490
201803,기타 외국식 음식점업,중국,알수없음,1,1,101000
201803,비알콜 음료점업,내국인,남성,20624,22076,221609310
201803,비알콜 음료점업,내국인,알수없음,39,47,487960
201803,비알콜 음료점업,내국인,여성,22761,24392,248364440
201803,비알콜 음료점업,중국,알수없음,4,4,34300
201803,빵 및 과자류 소매업,내국인,남성,14849,15813,225491923
201803,빵 및 과자류 소매업,내국인,알수없음,58,68,578450
201803,빵 및 과자류 소매업,내국인,여성,18336,19676,275199255
201803,빵 및 과자류 소매업,중국,알수없음,15,16,158700
201803,서양식 음식점업,내국인,남성,27909,30314,684998772
201803,서양식 음식점업,내국인,알수없음,59,66,1389500
201803,서양식 음식점업,내국인,여성,34438,37744,731740648
201803,서양식 음식점업,중국,알수없음,6,7,222600
201803,스포츠 및 레크레이션 용품 임대업,내국인,남성,4041,4467,354283545
201803,스포츠 및 레크레이션 용품 임대업,내국인,알수없음,23,25,3744900
201803,스포츠 및 레크레이션 용품 임대업,내국인,여성,2524,2796,230852396
201803,스포츠 및 레크레이션 용품 임대업,중국,알수없음,61,68,6360900
201803,일식 음식점업,내국인,남성,9363,9515,756781100
201803,일식 음식점업,내국인,알수없음,14,14,921100
201803,일식 음식점업,내국인,여성,7487,7619,528083082
201803,일식 음식점업,중국,알수없음,1,1,85000
201803,중식 음식점업,내국인,남성,6833,7021,183313480
201803,중식 음식점업,내국인,알수없음,17,19,1171500
201803,중식 음식점업,내국인,여성,3202,3266,91058460
201803,중식 음식점업,중국,알수없음,3,3,143500
201803,"피자, 햄버거, 샌드위치 및 유사 음식점업",내국인,남성,16677,17782,206370040
201803,"피자, 햄버거, 샌드위치 및 유사 음식점업",내국인,알수없음,68,71,988900
201803,"피자, 햄버거, 샌드위치 및 유사 음식점업",내국인,여성,13271,14192,160935665
201803,한식 음식점업,내국인,남성,156191,163447,6660378511
201803,한식 음식점업,내국인,알수없음,220,229,8618267
201803,한식 음식점업,내국인,여성,114045,118787,4589072600
201803,한식 음식점업,중국,알수없음,553,571,15781600
201804,관광 민예품 및 선물용품 소매업,내국인,남성,10703,11689,414101761
201804,관광 민예품 및 선물용품 소매업,내국인,알수없음,17,18,705000
201804,관광 민예품 및 선물용품 소매업,내국인,여성,13477,14956,511382526
201804,관광 민예품 및 선물용품 소매업,중국,알수없음,13,15,4633000
201804,그외 기타 분류안된 오락관련 서비스업,내국인,남성,33,34,1753000
201804,그외 기타 분류안된 오락관련 서비스업,내국인,여성,28,28,2070000
201804,기타 수상오락 서비스업,내국인,남성,16,16,1307150
201804,기타 수상오락 서비스업,내국인,여성,13,14,2144000
201804,기타 외국식 음식점업,내국인,남성,3062,3129,108943712
201804,기타 외국식 음식점업,내국인,알수없음,5,5,61800
201804,기타 외국식 음식점업,내국인,여성,1793,1838,63840690
201804,기타 외국식 음식점업,중국,알수없음,1,1,61000
201804,비알콜 음료점업,내국인,남성,22839,24433,255844240
201804,비알콜 음료점업,내국인,알수없음,71,77,733540
201804,비알콜 음료점업,내국인,여성,24799,26657,278427085
201804,비알콜 음료점업,중국,알수없음,5,7,65800
201804,빵 및 과자류 소매업,내국인,남성,16584,17686,257185713
201804,빵 및 과자류 소매업,내국인,알수없음,58,63,975800
201804,빵 및 과자류 소매업,내국인,여성,19912,21338,307588303
201804,빵 및 과자류 소매업,중국,알수없음,6,6,70500
201804,서양식 음식점업,내국인,남성,31115,33962,770882939
201804,서양식 음식점업,내국인,알수없음,63,72,1335850
201804,서양식 음식점업,내국인,여성,37597,41380,847585757
201804,서양식 음식점업,중국,알수없음,14,15,517500
201804,스포츠 및 레크레이션 용품 임대업,내국인,남성,4787,5301,379942833
201804,스포츠 및 레크레이션 용품 임대업,내국인,알수없음,24,27,3757300
201804,스포츠 및 레크레이션 용품 임대업,내국인,여성,3033,3361,266720710
201804,스포츠 및 레크레이션 용품 임대업,중국,알수없음,85,103,12483200
201804,일식 음식점업,내국인,남성,10969,11180,955499375
201804,일식 음식점업,내국인,알수없음,24,25,1855600
201804,일식 음식점업,내국인,여성,8377,8521,664654640
201804,일식 음식점업,중국,알수없음,4,4,163000
201804,중식 음식점업,내국인,남성,7224,7435,204912013
201804,중식 음식점업,내국인,알수없음,20,20,996580
201804,중식 음식점업,내국인,여성,3662,3762,105312940
201804,중식 음식점업,중국,알수없음,2,2,96000
201804,"피자, 햄버거, 샌드위치 및 유사 음식점업",내국인,남성,18004,19317,226086087
201804,"피자, 햄버거, 샌드위치 및 유사 음식점업",내국인,알수없음,76,84,862700
201804,"피자, 햄버거, 샌드위치 및 유사 음식점업",내국인,여성,14279,15351,177598360
201804,한식 음식점업,내국인,남성,169328,176946,7802193572
201804,한식 음식점업,내국인,알수없음,270,290,14183250
201804,한식 음식점업,내국인,여성,125045,130610,5555318186
201804,한식 음식점업,중국,알수없음,633,643,19313000
201805,관광 민예품 및 선물용품 소매업,내국인,남성,10894,11998,376630350
201805,관광 민예품 및 선물용품 소매업,내국인,알수없음,15,15,323500
201805,관광 민예품 및 선물용품 소매업,내국인,여성,12792,14186,436117640
201805,관광 민예품 및 선물용품 소매업,중국,알수없음,19,21,3106400
201805,그외 기타 분류안된 오락관련 서비스업,내국인,남성,71,73,3614685
201805,그외 기타 분류안된 오락관련 서비스업,내국인,여성,41,41,1770000
201805,기타 수상오락 서비스업,내국인,남성,18,19,2416800
201805,기타 수상오락 서비스업,내국인,여성,7,7,1277000
201805,기타 외국식 음식점업,내국인,남성,3199,3281,108015158
201805,기타 외국식 음식점업,내국인,알수없음,8,8,208100
201805,기타 외국식 음식점업,내국인,여성,1707,1740,60858860
201805,기타 외국식 음식점업,중국,알수없음,2,2,198000
201805,비알콜 음료점업,내국인,남성,23496,25205,255917395
201805,비알콜 음료점업,내국인,알수없음,66,75,635900
201805,비알콜 음료점업,내국인,여성,24753,26448,269391732
201805,비알콜 음료점업,중국,알수없음,4,4,52900
201805,빵 및 과자류 소매업,내국인,남성,17109,18353,265297502
201805,빵 및 과자류 소매업,내국인,알수없음,76,82,777150
201805,빵 및 과자류 소매업,내국인,여성,19881,21340,301474075
201805,빵 및 과자류 소매업,중국,알수없음,15,17,124300
201805,서양식 음식점업,내국인,남성,32896,35957,814625343
201805,서양식 음식점업,내국인,알수없음,76,82,2943200
201805,서양식 음식점업,내국인,여성,38844,42754,882768911
201805,서양식 음식점업,중국,알수없음,25,28,724400
201805,스포츠 및 레크레이션 용품 임대업,내국인,남성,5514,6134,415776350
201805,스포츠 및 레크레이션 용품 임대업,내국인,알수없음,20,22,2215600
201805,스포츠 및 레크레이션 용품 임대업,내국인,여성,3265,3689,273078750
201805,스포츠 및 레크레이션 용품 임대업,중국,알수없음,156,192,22742700
201805,일식 음식점업,내국인,남성,10902,11081,884646894
201805,일식 음식점업,내국인,알수없음,19,21,1383400
201805,일식 음식점업,내국인,여성,8019,8153,584525080
201805,일식 음식점업,중국,알수없음,2,2,167000
201805,중식 음식점업,내국인,남성,7460,7634,209778100
201805,중식 음식점업,내국인,알수없음,23,24,714740
201805,중식 음식점업,내국인,여성,3740,3810,109034650
201805,중식 음식점업,중국,알수없음,2,2,51000
201805,"피자, 햄버거, 샌드위치 및 유사 음식점업",내국인,남성,19570,20992,244488295
201805,"피자, 햄버거, 샌드위치 및 유사 음식점업",내국인,알수없음,58,65,729500
201805,"피자, 햄버거, 샌드위치 및 유사 음식점업",내국인,여성,15372,16499,186085920
201805,한식 음식점업,내국인,남성,172584,180318,7647936177
201805,한식 음식점업,내국인,알수없음,292,310,13077200
201805,한식 음식점업,내국인,여성,122943,128376,5090800672
201805,한식 음식점업,중국,알수없음,678,696,20185950
201806,관광 민예품 및 선물용품 소매업,내국인,남성,10442,11349,365253830
201806,관광 민예품 및 선물용품 소매업,내국인,알수없음,11,13,989000
201806,관광 민예품 및 선물용품 소매업,내국인,여성,12565,13773,425184540
201806,관광 민예품 및 선물용품 소매업,중국,알수없음,17,17,4728500
201806,그외 기타 분류안된 오락관련 서비스업,내국인,남성,48,51,2932000
201806,그외 기타 분류안된 오락관련 서비스업,내국인,여성,33,36,1986600
201806,기타 수상오락 서비스업,내국인,남성,20,20,2575000
201806,기타 수상오락 서비스업,내국인,여성,13,13,1075100
201806,기타 외국식 음식점업,내국인,남성,3052,3148,99800150
201806,기타 외국식 음식점업,내국인,알수없음,9,9,402200
201806,기타 외국식 음식점업,내국인,여성,1848,1890,60691596
201806,비알콜 음료점업,내국인,남성,25016,26743,272273682
201806,비알콜 음료점업,내국인,알수없음,67,68,487800
201806,비알콜 음료점업,내국인,여성,27095,28931,297195702
201806,빵 및 과자류 소매업,내국인,남성,17090,18338,258583760
201806,빵 및 과자류 소매업,내국인,알수없음,64,73,817550
201806,빵 및 과자류 소매업,내국인,여성,20404,21970,302331604
201806,빵 및 과자류 소매업,중국,알수없음,13,13,112000
201806,서양식 음식점업,내국인,남성,34865,38205,850148237
201806,서양식 음식점업,내국인,알수없음,65,70,2657500
201806,서양식 음식점업,내국인,여성,43115,47343,945439576
201806,서양식 음식점업,중국,알수없음,33,37,1018100
201806,스포츠 및 레크레이션 용품 임대업,내국인,남성,5974,6697,383481744
201806,스포츠 및 레크레이션 용품 임대업,내국인,알수없음,24,28,1416300
201806,스포츠 및 레크레이션 용품 임대업,내국인,여성,3293,3784,233535160
201806,스포츠 및 레크레이션 용품 임대업,중국,알수없음,54,63,10202400
201806,일식 음식점업,내국인,남성,11162,11327,861570148
201806,일식 음식점업,내국인,알수없음,18,20,2359200
201806,일식 음식점업,내국인,여성,8569,8711,586408722
201806,일식 음식점업,중국,알수없음,4,4,519000
201806,중식 음식점업,내국인,남성,7427,7625,208693630
201806,중식 음식점업,내국인,알수없음,35,36,1648000
201806,중식 음식점업,내국인,여성,3800,3870,112354232
201806,중식 음식점업,중국,알수없음,6,6,206500
201806,"피자, 햄버거, 샌드위치 및 유사 음식점업",내국인,남성,20335,21965,260094769
201806,"피자, 햄버거, 샌드위치 및 유사 음식점업",내국인,알수없음,67,72,755050
201806,"피자, 햄버거, 샌드위치 및 유사 음식점업",내국인,여성,16565,17802,207876580
201806,"피자, 햄버거, 샌드위치 및 유사 음식점업",중국,알수없음,1,1,12000
201806,한식 음식점업,내국인,남성,175845,184014,7545797079
201806,한식 음식점업,내국인,알수없음,270,280,10635390
201806,한식 음식점업,내국인,여성,134082,139988,5397419241
201806,한식 음식점업,중국,알수없음,297,307,14573000
201807,관광 민예품 및 선물용품 소매업,내국인,남성,9814,10627,307620889
201807,관광 민예품 및 선물용품 소매업,내국인,알수없음,15,16,321700
201807,관광 민예품 및 선물용품 소매업,내국인,여성,12188,13328,363837860
201807,관광 민예품 및 선물용품 소매업,중국,알수없음,31,32,8844200
201807,그외 기타 분류안된 오락관련 서비스업,내국인,남성,48,48,2261600
201807,그외 기타 분류안된 오락관련 서비스업,내국인,여성,32,33,1388300
201807,기타 수상오락 서비스업,내국인,남성,20,20,1657000
201807,기타 수상오락 서비스업,내국인,여성,20,20,2378000
201807,기타 외국식 음식점업,내국인,남성,2930,3035,97897664
201807,기타 외국식 음식점업,내국인,알수없음,8,8,279500
201807,기타 외국식 음식점업,내국인,여성,1750,1784,57414909
201807,기타 외국식 음식점업,중국,알수없음,3,3,259000
201807,비알콜 음료점업,내국인,남성,27230,29228,297923350
201807,비알콜 음료점업,내국인,알수없음,69,78,714300
201807,비알콜 음료점업,내국인,여성,28928,31081,320688564
201807,비알콜 음료점업,중국,알수없음,2,2,68500
201807,빵 및 과자류 소매업,내국인,남성,17145,18533,251240720
201807,빵 및 과자류 소매업,내국인,알수없음,62,68,657350
201807,빵 및 과자류 소매업,내국인,여성,20270,21898,292159784
201807,빵 및 과자류 소매업,중국,알수없음,14,14,216230
201807,서양식 음식점업,내국인,남성,39340,43086,966206210
201807,서양식 음식점업,내국인,알수없음,65,69,1852200
201807,서양식 음식점업,내국인,여성,47574,52188,1065694162
201807,서양식 음식점업,중국,알수없음,64,78,2225500
201807,스포츠 및 레크레이션 용품 임대업,내국인,남성,6382,7141,412933785
201807,스포츠 및 레크레이션 용품 임대업,내국인,알수없음,20,23,1277340
201807,스포츠 및 레크레이션 용품 임대업,내국인,여성,3621,4110,245774593
201807,스포츠 및 레크레이션 용품 임대업,중국,알수없음,175,200,21577500
201807,일식 음식점업,내국인,남성,11301,11483,823107330
201807,일식 음식점업,내국인,알수없음,12,12,523900
201807,일식 음식점업,내국인,여성,8314,8451,528532670
201807,일식 음식점업,중국,알수없음,11,11,670000
201807,중식 음식점업,내국인,남성,7841,8114,220621380
201807,중식 음식점업,내국인,알수없음,13,13,495800
201807,중식 음식점업,내국인,여성,4030,4129,118222010
201807,중식 음식점업,중국,알수없음,5,5,299000
201807,"피자, 햄버거, 샌드위치 및 유사 음식점업",내국인,남성,23051,24804,303080145
201807,"피자, 햄버거, 샌드위치 및 유사 음식점업",내국인,알수없음,92,105,1175380
201807,"피자, 햄버거, 샌드위치 및 유사 음식점업",내국인,여성,18585,19981,237941549
201807,한식 음식점업,내국인,남성,184664,193540,7850344353
201807,한식 음식점업,내국인,알수없음,299,313,11925350
201807,한식 음식점업,내국인,여성,138778,145415,5436001785
201807,한식 음식점업,중국,알수없음,425,438,31364300
201808,관광 민예품 및 선물용품 소매업,내국인,남성,11194,12178,348581520
201808,관광 민예품 및 선물용품 소매업,내국인,알수없음,15,16,809600
201808,관광 민예품 및 선물용품 소매업,내국인,여성,13395,14668,404252820
201808,관광 민예품 및 선물용품 소매업,중국,알수없음,39,40,5768720
201808,그외 기타 분류안된 오락관련 서비스업,내국인,남성,68,73,3588500
201808,그외 기타 분류안된 오락관련 서비스업,내국인,여성,66,81,2459500
201808,기타 수상오락 서비스업,내국인,남성,32,34,5660500
201808,기타 수상오락 서비스업,내국인,여성,15,16,1065400
201808,기타 외국식 음식점업,내국인,남성,3416,3544,112417935
201808,기타 외국식 음식점업,내국인,알수없음,5,5,193500
201808,기타 외국식 음식점업,내국인,여성,1945,1987,66678970
201808,비알콜 음료점업,내국인,남성,31116,33317,349892550
201808,비알콜 음료점업,내국인,알수없음,53,57,462700
201808,비알콜 음료점업,내국인,여성,31940,34379,360013681
201808,비알콜 음료점업,중국,알수없음,9,9,73500
201808,빵 및 과자류 소매업,내국인,남성,20174,21790,291071721
201808,빵 및 과자류 소매업,내국인,알수없음,53,60,501650
201808,빵 및 과자류 소매업,내국인,여성,22898,24915,330687209
201808,빵 및 과자류 소매업,중국,알수없음,15,16,202400
201808,서양식 음식점업,내국인,남성,45812,50081,1124239714
201808,서양식 음식점업,내국인,알수없음,59,62,1301350
201808,서양식 음식점업,내국인,여성,50561,55297,1139156409
201808,서양식 음식점업,중국,알수없음,71,72,3252400
201808,스포츠 및 레크레이션 용품 임대업,내국인,남성,5687,6325,333654625
201808,스포츠 및 레크레이션 용품 임대업,내국인,알수없음,12,12,392400
201808,스포츠 및 레크레이션 용품 임대업,내국인,여성,3343,3849,226749790
201808,스포츠 및 레크레이션 용품 임대업,중국,알수없음,231,267,32764500
201808,일식 음식점업,내국인,남성,12910,13129,949482720
201808,일식 음식점업,내국인,알수없음,15,15,680000
201808,일식 음식점업,내국인,여성,9327,9486,605385040
201808,일식 음식점업,중국,알수없음,10,10,780500
201808,중식 음식점업,내국인,남성,8989,9263,261405421
201808,중식 음식점업,내국인,알수없음,15,15,692200
201808,중식 음식점업,내국인,여성,4447,4548,133789370
201808,중식 음식점업,중국,알수없음,10,10,239000
201808,"피자, 햄버거, 샌드위치 및 유사 음식점업",내국인,남성,26360,28361,350820940
201808,"피자, 햄버거, 샌드위치 및 유사 음식점업",내국인,알수없음,74,77,837000
201808,"피자, 햄버거, 샌드위치 및 유사 음식점업",내국인,여성,20918,22601,282263550
201808,"피자, 햄버거, 샌드위치 및 유사 음식점업",중국,알수없음,2,2,33900
201808,한식 음식점업,내국인,남성,211759,221682,9065665548
201808,한식 음식점업,내국인,알수없음,256,266,10138400
201808,한식 음식점업,내국인,여성,153499,160624,6171592750
201808,한식 음식점업,중국,알수없음,554,582,37092030
201809,관광 민예품 및 선물용품 소매업,내국인,남성,8813,9626,300507480
201809,관광 민예품 및 선물용품 소매업,내국인,알수없음,13,14,350900
201809,관광 민예품 및 선물용품 소매업,내국인,여성,10408,11356,336797900
201809,관광 민예품 및 선물용품 소매업,중국,알수없음,18,20,2940500
201809,그외 기타 분류안된 오락관련 서비스업,내국인,남성,37,37,2160000
201809,그외 기타 분류안된 오락관련 서비스업,내국인,여성,31,32,2073000
201809,기타 수상오락 서비스업,내국인,남성,27,29,2866000
201809,기타 수상오락 서비스업,내국인,여성,12,12,2771000
201809,기타 외국식 음식점업,내국인,남성,3127,3232,108230070
201809,기타 외국식 음식점업,내국인,알수없음,13,14,581000
201809,기타 외국식 음식점업,내국인,여성,1789,1822,61853766
201809,비알콜 음료점업,내국인,남성,23642,25341,253135916
201809,비알콜 음료점업,내국인,알수없음,47,54,468350
201809,비알콜 음료점업,내국인,여성,24649,26449,261683880
201809,비알콜 음료점업,중국,알수없음,7,7,51500
201809,빵 및 과자류 소매업,내국인,남성,16731,17924,253175658
201809,빵 및 과자류 소매업,내국인,알수없음,60,68,610900
201809,빵 및 과자류 소매업,내국인,여성,19392,20791,291898902
201809,빵 및 과자류 소매업,중국,알수없음,3,3,16700
201809,서양식 음식점업,내국인,남성,34458,37653,845705530
201809,서양식 음식점업,내국인,알수없음,78,89,1619400
201809,서양식 음식점업,내국인,여성,40716,44605,902543528
201809,서양식 음식점업,중국,알수없음,43,46,1033700
201809,스포츠 및 레크레이션 용품 임대업,내국인,남성,5257,5798,364354850
201809,스포츠 및 레크레이션 용품 임대업,내국인,알수없음,24,28,1627400
201809,스포츠 및 레크레이션 용품 임대업,내국인,여성,2904,3241,240768810
201809,스포츠 및 레크레이션 용품 임대업,중국,알수없음,152,169,17949250
201809,일식 음식점업,내국인,남성,10313,10502,788271230
201809,일식 음식점업,내국인,알수없음,13,13,793500
201809,일식 음식점업,내국인,여성,7642,7791,512721784
201809,일식 음식점업,중국,알수없음,2,2,151000
201809,중식 음식점업,내국인,남성,7283,7491,200460900
201809,중식 음식점업,내국인,알수없음,12,13,504500
201809,중식 음식점업,내국인,여성,3556,3636,104973250
201809,중식 음식점업,중국,알수없음,2,2,156000
201809,"피자, 햄버거, 샌드위치 및 유사 음식점업",내국인,남성,20186,21633,249784495
201809,"피자, 햄버거, 샌드위치 및 유사 음식점업",내국인,알수없음,58,63,590100
201809,"피자, 햄버거, 샌드위치 및 유사 음식점업",내국인,여성,15743,16868,188323883
201809,"피자, 햄버거, 샌드위치 및 유사 음식점업",중국,알수없음,2,2,37200
201809,한식 음식점업,내국인,남성,164980,172642,7052203921
201809,한식 음식점업,내국인,알수없음,271,281,10664350
201809,한식 음식점업,내국인,여성,120483,125995,4818557271
201809,한식 음식점업,중국,알수없음,307,314,19175850
201810,관광 민예품 및 선물용품 소매업,내국인,남성,9173,10048,340563900
201810,관광 민예품 및 선물용품 소매업,내국인,알수없음,12,13,1262000
201810,관광 민예품 및 선물용품 소매업,내국인,여성,11241,12448,391141780
201810,관광 민예품 및 선물용품 소매업,중국,알수없음,42,45,9647000
201810,그외 기타 분류안된 오락관련 서비스업,내국인,남성,29,30,1306000
201810,그외 기타 분류안된 오락관련 서비스업,내국인,여성,23,24,1559000
201810,기타 수상오락 서비스업,내국인,남성,35,37,3720000
201810,기타 수상오락 서비스업,내국인,여성,8,8,321000
201810,기타 외국식 음식점업,내국인,남성,3188,3287,106551670
201810,기타 외국식 음식점업,내국인,알수없음,9,9,363500
201810,기타 외국식 음식점업,내국인,여성,1834,1881,62151110
201810,기타 외국식 음식점업,중국,알수없음,1,1,41000
201810,비알콜 음료점업,내국인,남성,21283,22868,219503960
201810,비알콜 음료점업,내국인,알수없음,31,35,269500
201810,비알콜 음료점업,내국인,여성,21895,23444,227817941
201810,비알콜 음료점업,중국,알수없음,4,4,16900
201810,빵 및 과자류 소매업,내국인,남성,15609,16766,229154699
201810,빵 및 과자류 소매업,내국인,알수없음,51,55,635550
201810,빵 및 과자류 소매업,내국인,여성,17703,19051,263261592
201810,빵 및 과자류 소매업,중국,알수없음,8,8,80850
201810,서양식 음식점업,내국인,남성,31166,34030,754011675
201810,서양식 음식점업,내국인,알수없음,52,56,1426750
201810,서양식 음식점업,내국인,여성,36184,39583,800671850
201810,서양식 음식점업,중국,알수없음,92,103,3496400
201810,스포츠 및 레크레이션 용품 임대업,내국인,남성,4887,5371,384300218
201810,스포츠 및 레크레이션 용품 임대업,내국인,알수없음,27,30,2285100
201810,스포츠 및 레크레이션 용품 임대업,내국인,여성,2731,3033,277809950
201810,스포츠 및 레크레이션 용품 임대업,중국,알수없음,163,196,31785250
201810,일식 음식점업,내국인,남성,9826,10038,783238000
201810,일식 음식점업,내국인,알수없음,5,7,610000
201810,일식 음식점업,내국인,여성,7365,7502,543363850
201810,일식 음식점업,중국,알수없음,4,4,169000
201810,중식 음식점업,내국인,남성,7459,7677,213924220
201810,중식 음식점업,내국인,알수없음,23,23,1358000
201810,중식 음식점업,내국인,여성,3711,3791,106787770
201810,중식 음식점업,중국,알수없음,7,7,281000
201810,"피자, 햄버거, 샌드위치 및 유사 음식점업",내국인,남성,18278,19559,224433125
201810,"피자, 햄버거, 샌드위치 및 유사 음식점업",내국인,알수없음,51,56,504150
201810,"피자, 햄버거, 샌드위치 및 유사 음식점업",내국인,여성,13936,14938,164313736
201810,"피자, 햄버거, 샌드위치 및 유사 음식점업",중국,알수없음,6,6,82100
201810,한식 음식점업,내국인,남성,160875,168364,7074230532
201810,한식 음식점업,내국인,알수없음,205,211,12516180
201810,한식 음식점업,내국인,여성,115813,121019,4897275771
201810,한식 음식점업,중국,알수없음,554,574,38635100
201811,관광 민예품 및 선물용품 소매업,내국인,남성,8528,9358,337028683
201811,관광 민예품 및 선물용품 소매업,내국인,알수없음,8,9,271500
201811,관광 민예품 및 선물용품 소매업,내국인,여성,9884,10955,403681500
201811,관광 민예품 및 선물용품 소매업,중국,알수없음,35,40,14031960
201811,그외 기타 분류안된 오락관련 서비스업,내국인,남성,22,22,1342600
201811,그외 기타 분류안된 오락관련 서비스업,내국인,여성,20,21,1120025
201811,기타 수상오락 서비스업,내국인,남성,34,38,8467000
201811,기타 수상오락 서비스업,내국인,여성,8,8,884000
201811,기타 외국식 음식점업,내국인,남성,2890,2986,93589821
201811,기타 외국식 음식점업,내국인,알수없음,2,2,22500
201811,기타 외국식 음식점업,내국인,여성,1599,1635,55203976
201811,기타 외국식 음식점업,중국,알수없음,1,1,57000
201811,비알콜 음료점업,내국인,남성,18977,20417,193432250
201811,비알콜 음료점업,내국인,알수없음,42,44,365400
201811,비알콜 음료점업,내국인,여성,19199,20648,199371002
201811,비알콜 음료점업,중국,알수없음,1,1,11800
201811,빵 및 과자류 소매업,내국인,남성,14451,15425,221842402
201811,빵 및 과자류 소매업,내국인,알수없음,46,54,493370
201811,빵 및 과자류 소매업,내국인,여성,16707,17982,250624506
201811,빵 및 과자류 소매업,중국,알수없음,3,3,28900
201811,서양식 음식점업,내국인,남성,26059,28376,641198075
201811,서양식 음식점업,내국인,알수없음,35,39,830900
201811,서양식 음식점업,내국인,여성,31005,33792,674874125
201811,서양식 음식점업,중국,알수없음,26,29,1033000
201811,스포츠 및 레크레이션 용품 임대업,내국인,남성,4374,4801,381877116
201811,스포츠 및 레크레이션 용품 임대업,내국인,알수없음,17,17,1040200
201811,스포츠 및 레크레이션 용품 임대업,내국인,여성,2296,2542,236203270
201811,스포츠 및 레크레이션 용품 임대업,중국,알수없음,69,76,15587900
201811,일식 음식점업,내국인,남성,9309,9498,779538760
201811,일식 음식점업,내국인,알수없음,8,9,534500
201811,일식 음식점업,내국인,여성,6881,6991,477908903
201811,중식 음식점업,내국인,남성,6855,7086,194728997
201811,중식 음식점업,내국인,알수없음,15,16,655500
201811,중식 음식점업,내국인,여성,3138,3202,89067060
201811,중식 음식점업,중국,알수없음,4,4,212000
201811,"피자, 햄버거, 샌드위치 및 유사 음식점업",내국인,남성,16294,17391,197164703
201811,"피자, 햄버거, 샌드위치 및 유사 음식점업",내국인,알수없음,45,51,501730
201811,"피자, 햄버거, 샌드위치 및 유사 음식점업",내국인,여성,12469,13376,148401795
201811,"피자, 햄버거, 샌드위치 및 유사 음식점업",중국,알수없음,1,1,30000
201811,한식 음식점업,내국인,남성,148551,155949,6595853544
201811,한식 음식점업,내국인,알수없음,178,184,7301470
201811,한식 음식점업,내국인,여성,104285,108989,4307086546
201811,한식 음식점업,중국,알수없음,240,250,14525400
201812,관광 민예품 및 선물용품 소매업,내국인,남성,7220,7846,263981580
201812,관광 민예품 및 선물용품 소매업,내국인,알수없음,4,4,84000
201812,관광 민예품 및 선물용품 소매업,내국인,여성,8363,9194,289629995
201812,관광 민예품 및 선물용품 소매업,중국,알수없음,30,39,8322000
201812,그외 기타 분류안된 오락관련 서비스업,내국인,남성,18,18,880000
201812,그외 기타 분류안된 오락관련 서비스업,내국인,여성,17,17,918600
201812,기타 수상오락 서비스업,내국인,남성,25,25,1592000
201812,기타 수상오락 서비스업,내국인,여성,14,15,562000
201812,기타 외국식 음식점업,내국인,남성,3187,3282,107820694
201812,기타 외국식 음식점업,내국인,알수없음,5,5,93000
201812,기타 외국식 음식점업,내국인,여성,1802,1833,60471657
201812,비알콜 음료점업,내국인,남성,18992,20374,207014940
201812,비알콜 음료점업,내국인,알수없음,26,27,215400
201812,비알콜 음료점업,내국인,여성,19436,20739,208859725
201812,비알콜 음료점업,중국,알수없음,2,2,13500
201812,빵 및 과자류 소매업,내국인,남성,15403,16430,234157470
201812,빵 및 과자류 소매업,내국인,알수없음,38,46,431400
201812,빵 및 과자류 소매업,내국인,여성,17641,18942,270207880
201812,빵 및 과자류 소매업,중국,알수없음,4,4,34330
201812,서양식 음식점업,내국인,남성,29039,31526,718893216
201812,서양식 음식점업,내국인,알수없음,36,38,622100
201812,서양식 음식점업,내국인,여성,32971,35826,723951305
201812,서양식 음식점업,중국,알수없음,29,34,1116600
201812,스포츠 및 레크레이션 용품 임대업,내국인,남성,3786,4187,357600384
201812,스포츠 및 레크레이션 용품 임대업,내국인,알수없음,8,9,698800
201812,스포츠 및 레크레이션 용품 임대업,내국인,여성,2170,2384,229711340
201812,스포츠 및 레크레이션 용품 임대업,중국,알수없음,52,56,6175700
201812,일식 음식점업,내국인,남성,9924,10109,740248198
201812,일식 음식점업,내국인,알수없음,11,13,644800
201812,일식 음식점업,내국인,여성,7109,7231,446798680
201812,일식 음식점업,중국,알수없음,4,4,711000
201812,중식 음식점업,내국인,남성,6866,7084,197771528
201812,중식 음식점업,내국인,알수없음,8,8,868200
201812,중식 음식점업,내국인,여성,3140,3202,93529795
201812,중식 음식점업,중국,알수없음,1,1,12000
201812,"피자, 햄버거, 샌드위치 및 유사 음식점업",내국인,남성,17241,18365,221960830
201812,"피자, 햄버거, 샌드위치 및 유사 음식점업",내국인,알수없음,57,63,727700
201812,"피자, 햄버거, 샌드위치 및 유사 음식점업",내국인,여성,12717,13563,155026620
201812,"피자, 햄버거, 샌드위치 및 유사 음식점업",중국,알수없음,2,2,26200
201812,한식 음식점업,내국인,남성,154866,162186,6676285275
201812,한식 음식점업,내국인,알수없음,151,155,6083070
201812,한식 음식점업,내국인,여성,106779,111388,4174576482
201812,한식 음식점업,중국,알수없음,322,327,20682660
201901,관광 민예품 및 선물용품 소매업,내국인,남성,7109,7654,261791476
201901,관광 민예품 및 선물용품 소매업,내국인,알수없음,4,5,91500
201901,관광 민예품 및 선물용품 소매업,내국인,여성,9536,10328,295131020
201901,관광 민예품 및 선물용품 소매업,중국,알수없음,18,20,4420000
201901,그외 기타 분류안된 오락관련 서비스업,내국인,남성,52,54,3183500
201901,그외 기타 분류안된 오락관련 서비스업,내국인,여성,29,29,1540000
201901,기타 수상오락 서비스업,내국인,남성,25,25,1689000
201901,기타 수상오락 서비스업,내국인,알수없음,1,1,55000
201901,기타 수상오락 서비스업,내국인,여성,10,10,358000
201901,기타 외국식 음식점업,내국인,남성,3198,3317,110705848
201901,기타 외국식 음식점업,내국인,알수없음,1,1,118000
201901,기타 외국식 음식점업,내국인,여성,1785,1824,61976328
201901,비알콜 음료점업,내국인,남성,19769,21221,216808766
201901,비알콜 음료점업,내국인,알수없음,18,20,143750
201901,비알콜 음료점업,내국인,여성,20578,22045,228528955
201901,비알콜 음료점업,중국,알수없음,1,1,2800
201901,빵 및 과자류 소매업,내국인,남성,15967,17063,243347470
201901,빵 및 과자류 소매업,내국인,알수없음,35,36,236500
201901,빵 및 과자류 소매업,내국인,여성,19351,20792,283933092
201901,빵 및 과자류 소매업,중국,알수없음,7,7,66850
201901,서양식 음식점업,내국인,남성,31398,34143,763447035
201901,서양식 음식점업,내국인,알수없음,28,29,394200
201901,서양식 음식점업,내국인,여성,39466,43023,872378649
201901,서양식 음식점업,중국,알수없음,28,33,1205300
201901,스포츠 및 레크레이션 용품 임대업,내국인,남성,3515,3887,302074260
201901,스포츠 및 레크레이션 용품 임대업,내국인,알수없음,10,11,1736600
201901,스포츠 및 레크레이션 용품 임대업,내국인,여성,2081,2372,205863700
201901,스포츠 및 레크레이션 용품 임대업,중국,알수없음,66,71,10247650
201901,일식 음식점업,내국인,남성,9894,10108,724355660
201901,일식 음식점업,내국인,알수없음,4,4,149000
201901,일식 음식점업,내국인,여성,7735,7904,473669028
201901,일식 음식점업,중국,알수없음,2,2,382000
201901,중식 음식점업,내국인,남성,7283,7525,214255130
201901,중식 음식점업,내국인,알수없음,14,14,995700
201901,중식 음식점업,내국인,여성,3577,3653,105182360
201901,중식 음식점업,중국,알수없음,5,5,219000
201901,"피자, 햄버거, 샌드위치 및 유사 음식점업",내국인,남성,18209,19462,240205970
201901,"피자, 햄버거, 샌드위치 및 유사 음식점업",내국인,알수없음,39,42,423900
201901,"피자, 햄버거, 샌드위치 및 유사 음식점업",내국인,여성,14340,15345,182742190
201901,"피자, 햄버거, 샌드위치 및 유사 음식점업",중국,알수없음,4,4,130700
201901,한식 음식점업,내국인,남성,160375,168011,6984620172
201901,한식 음식점업,내국인,알수없음,118,123,4449310
201901,한식 음식점업,내국인,여성,119513,124875,4749871323
201901,한식 음식점업,중국,알수없음,363,372,23038000
201902,관광 민예품 및 선물용품 소매업,내국인,남성,6940,7440,217728550
201902,관광 민예품 및 선물용품 소매업,내국인,알수없음,6,6,296500
201902,관광 민예품 및 선물용품 소매업,내국인,여성,9530,10268,273357810
201902,관광 민예품 및 선물용품 소매업,중국,알수없음,17,18,3589545
201902,그외 기타 분류안된 오락관련 서비스업,내국인,남성,53,54,2915000
201902,그외 기타 분류안된 오락관련 서비스업,내국인,여성,42,45,2288000
201902,기타 수상오락 서비스업,내국인,남성,13,13,688000
201902,기타 수상오락 서비스업,내국인,여성,17,17,747000
201902,기타 외국식 음식점업,내국인,남성,2535,2604,90960463
201902,기타 외국식 음식점업,내국인,알수없음,1,1,7000
201902,기타 외국식 음식점업,내국인,여성,1477,1502,53043898
201902,비알콜 음료점업,내국인,남성,19323,20700,214300029
201902,비알콜 음료점업,내국인,알수없음,29,33,215150
201902,비알콜 음료점업,내국인,여성,20270,21692,223705310
201902,비알콜 음료점업,중국,알수없음,5,5,39300
201902,빵 및 과자류 소매업,내국인,남성,15065,16080,226160440
201902,빵 및 과자류 소매업,내국인,알수없음,24,26,204800
201902,빵 및 과자류 소매업,내국인,여성,18097,19334,273072406
201902,빵 및 과자류 소매업,중국,알수없음,4,4,54500
201902,서양식 음식점업,내국인,남성,30345,33063,745400616
201902,서양식 음식점업,내국인,알수없음,27,30,669600
201902,서양식 음식점업,내국인,여성,37730,41200,844624561
201902,서양식 음식점업,중국,알수없음,56,65,1897800
201902,스포츠 및 레크레이션 용품 임대업,내국인,남성,3357,3727,282240080
201902,스포츠 및 레크레이션 용품 임대업,내국인,알수없음,4,4,162000
201902,스포츠 및 레크레이션 용품 임대업,내국인,여성,1929,2141,171163310
201902,스포츠 및 레크레이션 용품 임대업,중국,알수없음,103,116,12092150
201902,일식 음식점업,내국인,남성,8974,9165,673494884
201902,일식 음식점업,내국인,알수없음,7,7,281400
201902,일식 음식점업,내국인,여성,6960,7124,424323780
201902,일식 음식점업,중국,알수없음,2,2,168000
201902,중식 음식점업,내국인,남성,6505,6673,189823864
201902,중식 음식점업,내국인,알수없음,6,6,531000
201902,중식 음식점업,내국인,여성,3052,3114,92403136
201902,중식 음식점업,중국,알수없음,2,2,106000
201902,"피자, 햄버거, 샌드위치 및 유사 음식점업",내국인,남성,17013,18184,220230529
201902,"피자, 햄버거, 샌드위치 및 유사 음식점업",내국인,알수없음,20,21,210630
201902,"피자, 햄버거, 샌드위치 및 유사 음식점업",내국인,여성,13291,14191,166754405
201902,"피자, 햄버거, 샌드위치 및 유사 음식점업",중국,알수없음,9,10,120900
201902,한식 음식점업,내국인,남성,144294,150308,6317031282
201902,한식 음식점업,내국인,알수없음,110,124,3908940
201902,한식 음식점업,내국인,여성,107312,111996,4316589539
201902,한식 음식점업,중국,알수없음,429,434,28707900
201903,관광 민예품 및 선물용품 소매업,내국인,남성,8307,9048,347202950
201903,관광 민예품 및 선물용품 소매업,내국인,알수없음,1,1,15000
201903,관광 민예품 및 선물용품 소매업,내국인,여성,11417,12461,436007170
201903,관광 민예품 및 선물용품 소매업,중국,알수없음,21,23,7168840
201903,그외 기타 분류안된 오락관련 서비스업,내국인,남성,38,39,2090000
201903,그외 기타 분류안된 오락관련 서비스업,내국인,여성,29,30,1760000
201903,기타 수상오락 서비스업,내국인,남성,23,25,3806000
201903,기타 수상오락 서비스업,내국인,여성,10,10,542400
201903,기타 외국식 음식점업,내국인,남성,2940,3043,98684148
201903,기타 외국식 음식점업,내국인,알수없음,8,8,142000
201903,기타 외국식 음식점업,내국인,여성,1578,1609,52770996
201903,기타 외국식 음식점업,중국,알수없음,1,1,201000
201903,비알콜 음료점업,내국인,남성,20538,22132,224905667
201903,비알콜 음료점업,내국인,알수없음,31,32,255600
201903,비알콜 음료점업,내국인,여성,21819,23420,237128321
201903,비알콜 음료점업,중국,알수없음,3,3,47900
201903,빵 및 과자류 소매업,내국인,남성,15719,16795,235776952
201903,빵 및 과자류 소매업,내국인,알수없음,41,45,460780
201903,빵 및 과자류 소매업,내국인,여성,19096,20509,286299760
201903,빵 및 과자류 소매업,중국,알수없음,7,7,63900
201903,서양식 음식점업,내국인,남성,31247,33914,742768288
201903,서양식 음식점업,내국인,알수없음,60,70,1254670
201903,서양식 음식점업,내국인,여성,39656,43287,863361639
201903,서양식 음식점업,중국,알수없음,17,18,423300
201903,스포츠 및 레크레이션 용품 임대업,내국인,남성,3656,4068,307508400
201903,스포츠 및 레크레이션 용품 임대업,내국인,알수없음,8,8,930200
201903,스포츠 및 레크레이션 용품 임대업,내국인,여성,2314,2565,230328310
201903,스포츠 및 레크레이션 용품 임대업,중국,알수없음,76,85,8765500
201903,일식 음식점업,내국인,남성,9736,9966,749772770
201903,일식 음식점업,내국인,알수없음,5,5,495800
201903,일식 음식점업,내국인,여성,8068,8239,527661150
201903,중식 음식점업,내국인,남성,7779,8035,218311096
201903,중식 음식점업,내국인,알수없음,15,15,509200
201903,중식 음식점업,내국인,여성,3736,3806,109838025
201903,중식 음식점업,중국,알수없음,5,5,205100
201903,"피자, 햄버거, 샌드위치 및 유사 음식점업",내국인,남성,17071,18218,206392225
201903,"피자, 햄버거, 샌드위치 및 유사 음식점업",내국인,알수없음,24,28,314900
201903,"피자, 햄버거, 샌드위치 및 유사 음식점업",내국인,여성,13339,14255,156972650
201903,"피자, 햄버거, 샌드위치 및 유사 음식점업",중국,알수없음,3,4,58400
201903,한식 음식점업,내국인,남성,157913,165468,6865064316
201903,한식 음식점업,내국인,알수없음,128,133,3099110
201903,한식 음식점업,내국인,여성,119948,125340,4906772918
201903,한식 음식점업,중국,알수없음,269,278,15402900
201904,관광 민예품 및 선물용품 소매업,내국인,남성,9756,10710,414777889
201904,관광 민예품 및 선물용품 소매업,내국인,알수없음,2,2,44500
201904,관광 민예품 및 선물용품 소매업,내국인,여성,12578,13914,506989737
201904,관광 민예품 및 선물용품 소매업,중국,알수없음,59,70,19685750
201904,그외 기타 분류안된 오락관련 서비스업,내국인,남성,49,50,2755000
201904,그외 기타 분류안된 오락관련 서비스업,내국인,여성,28,28,1576500
201904,기타 수상오락 서비스업,내국인,남성,9,9,1844000
201904,기타 수상오락 서비스업,내국인,여성,5,5,451000
201904,기타 외국식 음식점업,내국인,남성,2798,2888,97277006
201904,기타 외국식 음식점업,내국인,알수없음,1,1,16000
201904,기타 외국식 음식점업,내국인,여성,1630,1666,54323620
201904,비알콜 음료점업,내국인,남성,22100,23830,239278931
201904,비알콜 음료점업,내국인,알수없음,36,44,446300
201904,비알콜 음료점업,내국인,여성,23384,25203,253471612
201904,비알콜 음료점업,중국,알수없음,6,6,55300
201904,빵 및 과자류 소매업,내국인,남성,15784,16831,244710510
201904,빵 및 과자류 소매업,내국인,알수없음,31,37,347050
201904,빵 및 과자류 소매업,내국인,여성,18968,20404,291667255
201904,빵 및 과자류 소매업,중국,알수없음,5,6,68900
201904,서양식 음식점업,내국인,남성,32567,35475,779035911
201904,서양식 음식점업,내국인,알수없음,46,54,1023900
201904,서양식 음식점업,내국인,여성,39434,43129,866460248
201904,서양식 음식점업,중국,알수없음,40,41,1258400
201904,스포츠 및 레크레이션 용품 임대업,내국인,남성,4304,4752,360094850
201904,스포츠 및 레크레이션 용품 임대업,내국인,알수없음,10,11,285900
201904,스포츠 및 레크레이션 용품 임대업,내국인,여성,2543,2825,224280480
201904,스포츠 및 레크레이션 용품 임대업,중국,알수없음,164,175,16945330
201904,일식 음식점업,내국인,남성,10076,10280,792692277
201904,일식 음식점업,내국인,알수없음,6,6,534000
201904,일식 음식점업,내국인,여성,8158,8307,570805518
201904,일식 음식점업,중국,알수없음,7,9,453000
201904,중식 음식점업,내국인,남성,7797,8058,221555390
201904,중식 음식점업,내국인,알수없음,17,19,830000
201904,중식 음식점업,내국인,여성,3701,3784,110859240
201904,중식 음식점업,중국,알수없음,5,5,154000
201904,"피자, 햄버거, 샌드위치 및 유사 음식점업",내국인,남성,17392,18688,208368315
201904,"피자, 햄버거, 샌드위치 및 유사 음식점업",내국인,알수없음,17,17,261700
201904,"피자, 햄버거, 샌드위치 및 유사 음식점업",내국인,여성,13649,14693,163696715
201904,"피자, 햄버거, 샌드위치 및 유사 음식점업",중국,알수없음,8,9,189500
201904,한식 음식점업,내국인,남성,159772,167426,7211016045
201904,한식 음식점업,내국인,알수없음,176,179,7420370
201904,한식 음식점업,내국인,여성,119629,125277,5132940090
201904,한식 음식점업,중국,알수없음,417,429,29450620
201905,관광 민예품 및 선물용품 소매업,내국인,남성,10468,11475,371358570
201905,관광 민예품 및 선물용품 소매업,내국인,알수없음,6,6,130000
201905,관광 민예품 및 선물용품 소매업,내국인,여성,13261,14670,476593470
201905,관광 민예품 및 선물용품 소매업,중국,알수없음,64,79,17303393
201905,그외 기타 분류안된 오락관련 서비스업,내국인,남성,47,49,2519000
201905,그외 기타 분류안된 오락관련 서비스업,내국인,여성,37,38,1924100
201905,기타 수상오락 서비스업,내국인,남성,14,14,2304000
201905,기타 수상오락 서비스업,내국인,여성,8,8,542000
201905,기타 외국식 음식점업,내국인,남성,3092,3165,104321289
201905,기타 외국식 음식점업,내국인,알수없음,5,6,101900
201905,기타 외국식 음식점업,내국인,여성,1820,1874,62541408
201905,기타 외국식 음식점업,중국,알수없음,1,1,39000
201905,비알콜 음료점업,내국인,남성,22763,24573,246063199
201905,비알콜 음료점업,내국인,알수없음,38,40,386760
201905,비알콜 음료점업,내국인,여성,22922,24583,245851409
201905,비알콜 음료점업,중국,알수없음,8,8,61900
201905,빵 및 과자류 소매업,내국인,남성,16810,17997,242115741
201905,빵 및 과자류 소매업,내국인,알수없음,37,41,343250
201905,빵 및 과자류 소매업,내국인,여성,19444,20909,281653722
201905,빵 및 과자류 소매업,중국,알수없음,5,5,61620
201905,서양식 음식점업,내국인,남성,38894,42414,938802441
201905,서양식 음식점업,내국인,알수없음,53,55,986900
201905,서양식 음식점업,내국인,여성,44060,48041,956797613
201905,서양식 음식점업,중국,알수없음,83,88,2816400
201905,스포츠 및 레크레이션 용품 임대업,내국인,남성,5258,5830,376474740
201905,스포츠 및 레크레이션 용품 임대업,내국인,알수없음,11,11,608400
201905,스포츠 및 레크레이션 용품 임대업,내국인,여성,3172,3549,270307300
201905,스포츠 및 레크레이션 용품 임대업,중국,알수없음,220,244,26576500
201905,일식 음식점업,내국인,남성,12566,12851,854356680
201905,일식 음식점업,내국인,알수없음,4,4,58500
201905,일식 음식점업,내국인,여성,9368,9604,545284034
201905,일식 음식점업,중국,알수없음,5,5,197000
201905,중식 음식점업,내국인,남성,8382,8653,233905750
201905,중식 음식점업,내국인,알수없음,19,19,758000
201905,중식 음식점업,내국인,여성,4107,4188,118654750
201905,중식 음식점업,중국,알수없음,7,8,287000
201905,"피자, 햄버거, 샌드위치 및 유사 음식점업",내국인,남성,20049,21499,238972354
201905,"피자, 햄버거, 샌드위치 및 유사 음식점업",내국인,알수없음,21,22,276980
201905,"피자, 햄버거, 샌드위치 및 유사 음식점업",내국인,여성,15217,16363,177890250
201905,"피자, 햄버거, 샌드위치 및 유사 음식점업",중국,알수없음,5,5,92300
201905,한식 음식점업,내국인,남성,173419,181615,7506660068
201905,한식 음식점업,내국인,알수없음,177,188,5890250
201905,한식 음식점업,내국인,여성,125429,131473,5066551138
201905,한식 음식점업,중국,알수없음,446,454,35843250
201906,관광 민예품 및 선물용품 소매업,내국인,남성,10094,11021,361047000
201906,관광 민예품 및 선물용품 소매업,내국인,알수없음,14,14,226000
201906,관광 민예품 및 선물용품 소매업,내국인,여성,13274,14623,447063231
201906,관광 민예품 및 선물용품 소매업,중국,알수없음,101,124,28745600
201906,그외 기타 분류안된 오락관련 서비스업,내국인,남성,57,61,3724200
201906,그외 기타 분류안된 오락관련 서비스업,내국인,여성,39,39,2286200
201906,기타 수상오락 서비스업,내국인,남성,30,30,3368000
201906,기타 수상오락 서비스업,내국인,여성,11,12,1069000
201906,기타 외국식 음식점업,내국인,남성,3009,3125,99028392
201906,기타 외국식 음식점업,내국인,알수없음,5,5,114000
201906,기타 외국식 음식점업,내국인,여성,1739,1784,59000212
201906,기타 외국식 음식점업,중국,알수없음,1,1,52000
201906,비알콜 음료점업,내국인,남성,22855,24601,257060242
201906,비알콜 음료점업,내국인,알수없음,35,38,340850
201906,비알콜 음료점업,내국인,여성,23093,24895,259548771
201906,비알콜 음료점업,중국,알수없음,9,9,58700
201906,빵 및 과자류 소매업,내국인,남성,16988,18245,248117810
201906,빵 및 과자류 소매업,내국인,알수없음,31,32,261720
201906,빵 및 과자류 소매업,내국인,여성,20293,21711,300861340
201906,빵 및 과자류 소매업,중국,알수없음,5,5,56800
201906,서양식 음식점업,내국인,남성,40436,44027,978202135
201906,서양식 음식점업,내국인,알수없음,52,54,931200
201906,서양식 음식점업,내국인,여성,47388,51572,1054773415
201906,서양식 음식점업,중국,알수없음,55,59,2423000
201906,스포츠 및 레크레이션 용품 임대업,내국인,남성,5581,6180,376676463
201906,스포츠 및 레크레이션 용품 임대업,내국인,알수없음,4,4,303900
201906,스포츠 및 레크레이션 용품 임대업,내국인,여성,3050,3364,221351310
201906,스포츠 및 레크레이션 용품 임대업,중국,알수없음,179,198,20514200
201906,일식 음식점업,내국인,남성,12936,13232,854065281
201906,일식 음식점업,내국인,알수없음,4,4,51500
201906,일식 음식점업,내국인,여성,10055,10283,567858090
201906,일식 음식점업,중국,알수없음,3,3,88000
201906,중식 음식점업,내국인,남성,8848,9179,241005524
201906,중식 음식점업,내국인,알수없음,26,31,891400
201906,중식 음식점업,내국인,여성,4685,4812,127745138
201906,중식 음식점업,중국,알수없음,7,7,286000
201906,"피자, 햄버거, 샌드위치 및 유사 음식점업",내국인,남성,20222,21719,247920910
201906,"피자, 햄버거, 샌드위치 및 유사 음식점업",내국인,알수없음,23,27,291000
201906,"피자, 햄버거, 샌드위치 및 유사 음식점업",내국인,여성,15396,16578,182125278
201906,"피자, 햄버거, 샌드위치 및 유사 음식점업",중국,알수없음,7,9,76800
201906,한식 음식점업,내국인,남성,175935,184150,7674116768
201906,한식 음식점업,내국인,알수없음,146,151,4630450
201906,한식 음식점업,내국인,여성,131217,137461,5278530120
201906,한식 음식점업,중국,알수없음,490,499,41390900
201907,관광 민예품 및 선물용품 소매업,내국인,남성,9171,9909,287277180
201907,관광 민예품 및 선물용품 소매업,내국인,알수없음,2,2,47000
201907,관광 민예품 및 선물용품 소매업,내국인,여성,12875,14036,373809930
201907,관광 민예품 및 선물용품 소매업,중국,알수없음,112,119,24749000
201907,그외 기타 분류안된 오락관련 서비스업,내국인,남성,117,125,4575350
201907,그외 기타 분류안된 오락관련 서비스업,내국인,여성,124,128,3152800
201907,기타 수상오락 서비스업,내국인,남성,30,31,2995000
201907,기타 수상오락 서비스업,내국인,여성,24,24,2978000
201907,기타 외국식 음식점업,내국인,남성,3136,3270,105006042
201907,기타 외국식 음식점업,내국인,알수없음,3,3,113000
201907,기타 외국식 음식점업,내국인,여성,1836,1879,62082719
201907,기타 외국식 음식점업,중국,알수없음,2,2,160000
201907,비알콜 음료점업,내국인,남성,24513,26592,279805514
201907,비알콜 음료점업,내국인,알수없음,26,27,277900
201907,비알콜 음료점업,내국인,여성,24445,26353,274820751
201907,비알콜 음료점업,중국,알수없음,12,12,229800
201907,빵 및 과자류 소매업,내국인,남성,17058,18357,238644014
201907,빵 및 과자류 소매업,내국인,알수없음,35,43,436900
201907,빵 및 과자류 소매업,내국인,여성,20372,21951,284307590
201907,빵 및 과자류 소매업,중국,알수없음,18,19,381650
201907,서양식 음식점업,내국인,남성,45235,49468,1087282802
201907,서양식 음식점업,내국인,알수없음,39,43,889300
201907,서양식 음식점업,내국인,여성,52813,57521,1150353942
201907,서양식 음식점업,중국,알수없음,104,121,4000100
201907,스포츠 및 레크레이션 용품 임대업,내국인,남성,6193,6904,373873616
201907,스포츠 및 레크레이션 용품 임대업,내국인,알수없음,6,6,329300
201907,스포츠 및 레크레이션 용품 임대업,내국인,여성,3162,3493,209767520
201907,스포츠 및 레크레이션 용품 임대업,중국,알수없음,185,196,27933600
201907,일식 음식점업,내국인,남성,13191,13510,793946770
201907,일식 음식점업,내국인,알수없음,9,9,913000
201907,일식 음식점업,내국인,여성,10133,10375,525574790
201907,일식 음식점업,중국,알수없음,6,6,302500
201907,중식 음식점업,내국인,남성,9546,9923,265068172
201907,중식 음식점업,내국인,알수없음,26,26,943700
201907,중식 음식점업,내국인,여성,4961,5113,134012680
201907,중식 음식점업,중국,알수없음,16,17,589320
201907,"피자, 햄버거, 샌드위치 및 유사 음식점업",내국인,남성,22006,23724,281249032
201907,"피자, 햄버거, 샌드위치 및 유사 음식점업",내국인,알수없음,21,22,243700
201907,"피자, 햄버거, 샌드위치 및 유사 음식점업",내국인,여성,16834,18188,214803006
201907,"피자, 햄버거, 샌드위치 및 유사 음식점업",중국,알수없음,18,20,276300
201907,한식 음식점업,내국인,남성,186902,196069,7787567546
201907,한식 음식점업,내국인,알수없음,142,145,6962050
201907,한식 음식점업,내국인,여성,140603,147496,5393448182
201907,한식 음식점업,중국,알수없음,681,704,62131300
201908,관광 민예품 및 선물용품 소매업,내국인,남성,11679,12697,363916820
201908,관광 민예품 및 선물용품 소매업,내국인,알수없음,7,7,248000
201908,관광 민예품 및 선물용품 소매업,내국인,여성,15342,16713,447270140
201908,관광 민예품 및 선물용품 소매업,중국,알수없음,108,116,27580500
201908,그외 기타 분류안된 오락관련 서비스업,내국인,남성,241,254,6516100
201908,그외 기타 분류안된 오락관련 서비스업,내국인,여성,255,270,6164950
201908,기타 수상오락 서비스업,내국인,남성,60,60,5790000
201908,기타 수상오락 서비스업,내국인,여성,29,30,4223500
201908,기타 외국식 음식점업,내국인,남성,3556,3674,122064484
201908,기타 외국식 음식점업,내국인,알수없음,2,2,31000
201908,기타 외국식 음식점업,내국인,여성,1960,1996,68378668
201908,기타 외국식 음식점업,중국,알수없음,4,4,345000
201908,비알콜 음료점업,내국인,남성,29904,32283,346463255
201908,비알콜 음료점업,내국인,알수없음,19,20,223030
201908,비알콜 음료점업,내국인,여성,30024,32321,348021870
201908,비알콜 음료점업,중국,알수없음,13,13,118000
201908,빵 및 과자류 소매업,내국인,남성,20877,22483,302440553
201908,빵 및 과자류 소매업,내국인,알수없음,26,27,340500
201908,빵 및 과자류 소매업,내국인,여성,24217,26077,342762349
201908,빵 및 과자류 소매업,중국,알수없음,23,24,360850
201908,서양식 음식점업,내국인,남성,54916,60118,1332762403
201908,서양식 음식점업,내국인,알수없음,25,30,454000
201908,서양식 음식점업,내국인,여성,61300,66904,1381010545
201908,서양식 음식점업,중국,알수없음,133,149,6125800
201908,스포츠 및 레크레이션 용품 임대업,내국인,남성,6319,7017,368650587
201908,스포츠 및 레크레이션 용품 임대업,내국인,알수없음,5,5,159300
201908,스포츠 및 레크레이션 용품 임대업,내국인,여성,3533,3974,214794448
201908,스포츠 및 레크레이션 용품 임대업,중국,알수없음,205,221,22384550
201908,일식 음식점업,내국인,남성,15656,16021,979572940
201908,일식 음식점업,내국인,알수없음,4,4,227500
201908,일식 음식점업,내국인,여성,11782,12065,640439630
201908,일식 음식점업,중국,알수없음,8,8,1741000
201908,중식 음식점업,내국인,남성,10616,11026,294547570
201908,중식 음식점업,내국인,알수없음,11,13,296500
201908,중식 음식점업,내국인,여성,5946,6112,163429785
201908,중식 음식점업,중국,알수없음,23,25,1252970
201908,"피자, 햄버거, 샌드위치 및 유사 음식점업",내국인,남성,24189,26086,323058798
201908,"피자, 햄버거, 샌드위치 및 유사 음식점업",내국인,알수없음,15,16,230100
201908,"피자, 햄버거, 샌드위치 및 유사 음식점업",내국인,여성,18823,20324,248315360
201908,"피자, 햄버거, 샌드위치 및 유사 음식점업",중국,알수없음,35,42,769900
201908,한식 음식점업,내국인,남성,222962,233389,9634044830
201908,한식 음식점업,내국인,알수없음,103,106,4329970
201908,한식 음식점업,내국인,여성,165461,173690,6674608302
201908,한식 음식점업,중국,알수없음,745,790,61619750
201909,관광 민예품 및 선물용품 소매업,내국인,남성,8169,8917,308581362
201909,관광 민예품 및 선물용품 소매업,내국인,알수없음,4,5,68500
201909,관광 민예품 및 선물용품 소매업,내국인,여성,10720,11708,365753728
201909,관광 민예품 및 선물용품 소매업,중국,알수없음,136,159,44854900
201909,그외 기타 분류안된 오락관련 서비스업,내국인,남성,169,185,4269250
201909,그외 기타 분류안된 오락관련 서비스업,내국인,여성,237,255,4684700
201909,기타 수상오락 서비스업,내국인,남성,20,20,2887800
201909,기타 수상오락 서비스업,내국인,여성,14,14,987000
201909,기타 외국식 음식점업,내국인,남성,2961,3059,98225524
201909,기타 외국식 음식점업,내국인,여성,1539,1564,51223180
201909,비알콜 음료점업,내국인,남성,21074,22786,226600217
201909,비알콜 음료점업,내국인,알수없음,2,2,24000
201909,비알콜 음료점업,내국인,여성,21115,22796,229939050
201909,비알콜 음료점업,중국,알수없음,11,12,136800
201909,빵 및 과자류 소매업,내국인,남성,16072,17196,242459402
201909,빵 및 과자류 소매업,내국인,알수없음,9,10,49100
201909,빵 및 과자류 소매업,내국인,여성,19496,20871,293334355
201909,빵 및 과자류 소매업,중국,알수없음,6,6,114590
201909,서양식 음식점업,내국인,남성,36665,40137,862032297
201909,서양식 음식점업,내국인,알수없음,10,10,182960
201909,서양식 음식점업,내국인,여성,43721,47737,949511493
201909,서양식 음식점업,중국,알수없음,36,38,1355400
201909,스포츠 및 레크레이션 용품 임대업,내국인,남성,4767,5351,309749707
201909,스포츠 및 레크레이션 용품 임대업,내국인,알수없음,2,2,69900
201909,스포츠 및 레크레이션 용품 임대업,내국인,여성,2707,3061,226385050
201909,스포츠 및 레크레이션 용품 임대업,중국,알수없음,159,170,20218830
201909,일식 음식점업,내국인,남성,10464,10707,653138090
201909,일식 음식점업,내국인,알수없음,2,2,55300
201909,일식 음식점업,내국인,여성,8286,8478,462321910
201909,일식 음식점업,중국,알수없음,11,11,953000
201909,중식 음식점업,내국인,남성,8119,8395,220404016
201909,중식 음식점업,내국인,알수없음,4,4,85500
201909,중식 음식점업,내국인,여성,4363,4501,115392950
201909,중식 음식점업,중국,알수없음,12,12,396500
201909,"피자, 햄버거, 샌드위치 및 유사 음식점업",내국인,남성,16518,17789,204015145
201909,"피자, 햄버거, 샌드위치 및 유사 음식점업",내국인,알수없음,12,13,171350
201909,"피자, 햄버거, 샌드위치 및 유사 음식점업",내국인,여성,12360,13318,154183920
201909,"피자, 햄버거, 샌드위치 및 유사 음식점업",중국,알수없음,18,22,292000
201909,한식 음식점업,내국인,남성,156631,164345,6619147602
201909,한식 음식점업,내국인,알수없음,41,41,1347500
201909,한식 음식점업,내국인,여성,118254,124457,4714455695
201909,한식 음식점업,중국,알수없음,540,566,35007950
201910,관광 민예품 및 선물용품 소매업,내국인,남성,9983,10954,390633215
201910,관광 민예품 및 선물용품 소매업,내국인,알수없음,7,7,231500
201910,관광 민예품 및 선물용품 소매업,내국인,여성,13889,15215,530690150
201910,관광 민예품 및 선물용품 소매업,중국,알수없음,131,147,45005900
201910,그외 기타 분류안된 오락관련 서비스업,내국인,남성,143,157,4834000
201910,그외 기타 분류안된 오락관련 서비스업,내국인,여성,152,164,3712200
201910,기타 수상오락 서비스업,내국인,남성,32,33,5034500
201910,기타 수상오락 서비스업,내국인,여성,14,18,4052700
201910,기타 외국식 음식점업,내국인,남성,3454,3598,108905751
201910,기타 외국식 음식점업,내국인,여성,1986,2034,67377022
201910,기타 외국식 음식점업,중국,알수없음,2,2,124000
201910,비알콜 음료점업,내국인,남성,23317,25212,253763195
201910,비알콜 음료점업,내국인,알수없음,6,7,73900
201910,비알콜 음료점업,내국인,여성,23939,25732,262160200
201910,비알콜 음료점업,중국,알수없음,12,12,122900
201910,빵 및 과자류 소매업,내국인,남성,18247,19516,271488307
201910,빵 및 과자류 소매업,내국인,알수없음,7,7,65600
201910,빵 및 과자류 소매업,내국인,여성,22306,23869,336360149
201910,빵 및 과자류 소매업,중국,알수없음,9,9,144450
201910,서양식 음식점업,내국인,남성,38683,41912,859575039
201910,서양식 음식점업,내국인,알수없음,13,14,351070
201910,서양식 음식점업,내국인,여성,46754,50652,972276635
201910,서양식 음식점업,중국,알수없음,39,45,1390400
201910,스포츠 및 레크레이션 용품 임대업,내국인,남성,5428,6064,393547081
201910,스포츠 및 레크레이션 용품 임대업,내국인,알수없음,2,3,236000
201910,스포츠 및 레크레이션 용품 임대업,내국인,여성,3226,3662,275258190
201910,스포츠 및 레크레이션 용품 임대업,중국,알수없음,189,206,31588320
201910,일식 음식점업,내국인,남성,11214,11451,807936121
201910,일식 음식점업,내국인,알수없음,1,1,16000
201910,일식 음식점업,내국인,여성,8863,9040,562485230
201910,일식 음식점업,중국,알수없음,11,11,1192500
201910,중식 음식점업,내국인,남성,9588,9948,248641410
201910,중식 음식점업,내국인,알수없음,2,2,113000
201910,중식 음식점업,내국인,여성,5368,5583,139022200
201910,중식 음식점업,중국,알수없음,12,12,391000
201910,"피자, 햄버거, 샌드위치 및 유사 음식점업",내국인,남성,20528,22045,245795085
201910,"피자, 햄버거, 샌드위치 및 유사 음식점업",내국인,알수없음,6,6,66700
201910,"피자, 햄버거, 샌드위치 및 유사 음식점업",내국인,여성,16105,17290,193353385
201910,"피자, 햄버거, 샌드위치 및 유사 음식점업",중국,알수없음,23,23,363700
201910,한식 음식점업,내국인,남성,185713,195331,7919920272
201910,한식 음식점업,내국인,알수없음,23,24,932700
201910,한식 음식점업,내국인,여성,140716,147972,5754469669
201910,한식 음식점업,중국,알수없음,669,686,48385200
201911,관광 민예품 및 선물용품 소매업,내국인,남성,9392,10221,399154850
201911,관광 민예품 및 선물용품 소매업,내국인,알수없음,12,14,378000
201911,관광 민예품 및 선물용품 소매업,내국인,여성,12418,13596,484256570
201911,관광 민예품 및 선물용품 소매업,중국,알수없음,84,97,24335000
201911,그외 기타 분류안된 오락관련 서비스업,내국인,남성,104,106,2532900
201911,그외 기타 분류안된 오락관련 서비스업,내국인,알수없음,1,1,68000
201911,그외 기타 분류안된 오락관련 서비스업,내국인,여성,117,120,2466100
201911,기타 수상오락 서비스업,내국인,남성,49,60,2818900
201911,기타 수상오락 서비스업,내국인,여성,21,27,1558200
201911,기타 외국식 음식점업,내국인,남성,3436,3580,105979958
201911,기타 외국식 음식점업,내국인,알수없음,8,8,134400
201911,기타 외국식 음식점업,내국인,여성,1788,1840,56885379
201911,비알콜 음료점업,내국인,남성,20992,22645,223706421
201911,비알콜 음료점업,내국인,알수없음,98,102,717100
201911,비알콜 음료점업,내국인,여성,20982,22695,232648600
201911,비알콜 음료점업,중국,알수없음,5,7,32200
201911,빵 및 과자류 소매업,내국인,남성,17135,18275,261946453
201911,빵 및 과자류 소매업,내국인,알수없음,72,73,1067200
201911,빵 및 과자류 소매업,내국인,여성,20880,22439,319253484
201911,빵 및 과자류 소매업,중국,알수없음,3,3,31800
201911,서양식 음식점업,내국인,남성,33882,36716,775517278
201911,서양식 음식점업,내국인,알수없음,100,108,1617900
201911,서양식 음식점업,내국인,여성,40928,44207,852174869
201911,서양식 음식점업,중국,알수없음,12,14,232100
201911,스포츠 및 레크레이션 용품 임대업,내국인,남성,4782,5317,373306460
201911,스포츠 및 레크레이션 용품 임대업,내국인,알수없음,12,14,1621700
201911,스포츠 및 레크레이션 용품 임대업,내국인,여성,2940,3356,280407750
201911,스포츠 및 레크레이션 용품 임대업,중국,알수없음,69,71,7829500
201911,일식 음식점업,내국인,남성,10145,10378,811200210
201911,일식 음식점업,내국인,알수없음,12,12,1783600
201911,일식 음식점업,내국인,여성,7758,7957,515718041
201911,일식 음식점업,중국,알수없음,2,2,173000
201911,중식 음식점업,내국인,남성,9059,9442,232941931
201911,중식 음식점업,내국인,알수없음,21,21,661300
201911,중식 음식점업,내국인,여성,4825,4973,122159860
201911,중식 음식점업,중국,알수없음,12,12,613000
201911,"피자, 햄버거, 샌드위치 및 유사 음식점업",내국인,남성,18514,19910,221133309
201911,"피자, 햄버거, 샌드위치 및 유사 음식점업",내국인,알수없음,100,112,931090
201911,"피자, 햄버거, 샌드위치 및 유사 음식점업",내국인,여성,14107,15094,164389168
201911,"피자, 햄버거, 샌드위치 및 유사 음식점업",중국,알수없음,9,14,163900
201911,한식 음식점업,내국인,남성,172646,181937,7529903887
201911,한식 음식점업,내국인,알수없음,364,383,13752350
201911,한식 음식점업,내국인,여성,126430,132690,5115244991
201911,한식 음식점업,중국,알수없음,305,314,20747600
201912,관광 민예품 및 선물용품 소매업,내국인,남성,8138,8750,299351700
201912,관광 민예품 및 선물용품 소매업,내국인,알수없음,21,23,901500
201912,관광 민예품 및 선물용품 소매업,내국인,여성,11221,12150,371933830
201912,관광 민예품 및 선물용품 소매업,중국,알수없음,83,101,27501800
201912,그외 기타 분류안된 오락관련 서비스업,내국인,남성,118,120,3279300
201912,그외 기타 분류안된 오락관련 서비스업,내국인,여성,121,124,2396400
201912,기타 수상오락 서비스업,내국인,남성,37,43,2531700
201912,기타 수상오락 서비스업,내국인,여성,14,17,634900
201912,기타 외국식 음식점업,내국인,남성,3523,3654,112978237
201912,기타 외국식 음식점업,내국인,알수없음,24,24,637500
201912,기타 외국식 음식점업,내국인,여성,1924,1992,64881935
201912,기타 외국식 음식점업,중국,알수없음,1,1,59000
201912,비알콜 음료점업,내국인,남성,20435,22029,220282510
201912,비알콜 음료점업,내국인,알수없음,203,221,1559750
201912,비알콜 음료점업,내국인,여성,20480,22050,226085717
201912,비알콜 음료점업,중국,알수없음,1,1,5800
201912,빵 및 과자류 소매업,내국인,남성,17938,19135,278530404
201912,빵 및 과자류 소매업,내국인,알수없음,120,126,1610875
201912,빵 및 과자류 소매업,내국인,여성,21927,23301,335774920
201912,빵 및 과자류 소매업,중국,알수없음,7,8,128900
201912,서양식 음식점업,내국인,남성,36350,39128,827078894
201912,서양식 음식점업,내국인,알수없음,153,163,2797554
201912,서양식 음식점업,내국인,여성,43385,46654,892157777
201912,서양식 음식점업,중국,알수없음,14,15,648100
201912,스포츠 및 레크레이션 용품 임대업,내국인,남성,4216,4686,359539650
201912,스포츠 및 레크레이션 용품 임대업,내국인,알수없음,26,30,2054400
201912,스포츠 및 레크레이션 용품 임대업,내국인,여성,2413,2697,236624830
201912,스포츠 및 레크레이션 용품 임대업,중국,알수없음,43,44,7485950
201912,일식 음식점업,내국인,남성,10300,10520,743464610
201912,일식 음식점업,내국인,알수없음,36,36,1584600
201912,일식 음식점업,내국인,여성,7856,8023,470459199
201912,일식 음식점업,중국,알수없음,1,1,105000
201912,중식 음식점업,내국인,남성,9264,9633,251463700
201912,중식 음식점업,내국인,알수없음,56,57,1395950
201912,중식 음식점업,내국인,여성,4624,4781,126760240
201912,중식 음식점업,중국,알수없음,10,10,689900
201912,"피자, 햄버거, 샌드위치 및 유사 음식점업",내국인,남성,18908,20298,233480071
201912,"피자, 햄버거, 샌드위치 및 유사 음식점업",내국인,알수없음,175,188,1707950
201912,"피자, 햄버거, 샌드위치 및 유사 음식점업",내국인,여성,14632,15661,173298530
201912,"피자, 햄버거, 샌드위치 및 유사 음식점업",중국,알수없음,13,14,215200
201912,한식 음식점업,내국인,남성,178673,188012,7511403422
201912,한식 음식점업,내국인,알수없음,552,585,18828170
201912,한식 음식점업,내국인,여성,129853,136194,5009094696
201912,한식 음식점업,중국,알수없음,369,379,25514600
202001,관광 민예품 및 선물용품 소매업,내국인,남성,7849,8537,269928050
202001,관광 민예품 및 선물용품 소매업,내국인,여성,12334,13437,352994320
202001,관광 민예품 및 선물용품 소매업,중국,알수없음,621,729,150037700
202001,그외 기타 분류안된 오락관련 서비스업,내국인,남성,129,136,3768000
202001,그외 기타 분류안된 오락관련 서비스업,내국인,여성,150,157,2877900
202001,그외 기타 분류안된 오락관련 서비스업,중국,알수없음,2,2,43000
202001,기타 수상오락 서비스업,내국인,남성,65,81,3177200
202001,기타 수상오락 서비스업,내국인,여성,24,30,1261000
202001,기타 외국식 음식점업,내국인,남성,2357,2425,78116987
202001,기타 외국식 음식점업,내국인,여성,1205,1223,42247224
202001,기타 외국식 음식점업,중국,알수없음,71,82,3319853
202001,비알콜 음료점업,내국인,남성,19390,20954,217531563
202001,비알콜 음료점업,내국인,여성,19462,21029,227367760
202001,비알콜 음료점업,중국,알수없음,526,620,6210030
202001,빵 및 과자류 소매업,내국인,남성,12859,13655,220271656
202001,빵 및 과자류 소매업,내국인,여성,16781,17885,276559640
202001,빵 및 과자류 소매업,중국,알수없음,877,1003,11319690
202001,서양식 음식점업,내국인,남성,33371,35943,784716089
202001,서양식 음식점업,내국인,여성,42978,46328,915730151
202001,서양식 음식점업,중국,알수없음,673,785,15720920
202001,스포츠 및 레크레이션 용품 임대업,내국인,남성,3007,3364,207058830
202001,스포츠 및 레크레이션 용품 임대업,내국인,여성,1838,2070,129925580
202001,스포츠 및 레크레이션 용품 임대업,중국,알수없음,1416,1642,202720420
202001,일식 음식점업,내국인,남성,8653,8814,634431740
202001,일식 음식점업,내국인,여성,6899,7050,424864350
202001,일식 음식점업,중국,알수없음,73,92,6448110
202001,중식 음식점업,내국인,남성,7044,7280,197745992
202001,중식 음식점업,내국인,여성,3926,4030,110877820
202001,중식 음식점업,중국,알수없음,241,291,15101050
202001,"피자, 햄버거, 샌드위치 및 유사 음식점업",내국인,남성,17230,18540,219094686
202001,"피자, 햄버거, 샌드위치 및 유사 음식점업",내국인,여성,14176,15264,173750670
202001,"피자, 햄버거, 샌드위치 및 유사 음식점업",중국,알수없음,714,864,12174310
202001,한식 음식점업,내국인,남성,142049,148523,6288649006
202001,한식 음식점업,내국인,여성,111508,116997,4522309604
202001,한식 음식점업,중국,알수없음,4757,5308,310291646
202002,관광 민예품 및 선물용품 소매업,내국인,남성,4007,4254,108410960
202002,관광 민예품 및 선물용품 소매업,내국인,여성,5226,5702,135098800
202002,관광 민예품 및 선물용품 소매업,중국,알수없음,18,23,3832900
202002,그외 기타 분류안된 오락관련 서비스업,내국인,남성,89,94,2391000
202002,그외 기타 분류안된 오락관련 서비스업,내국인,여성,84,87,1482500
202002,기타 수상오락 서비스업,내국인,남성,36,42,2608200
202002,기타 수상오락 서비스업,내국인,여성,9,9,287300
202002,기타 외국식 음식점업,내국인,남성,1886,1964,60494594
202002,기타 외국식 음식점업,내국인,여성,900,917,30168944
202002,기타 외국식 음식점업,중국,알수없음,8,8,472000
202002,비알콜 음료점업,내국인,남성,13193,14314,135944809
202002,비알콜 음료점업,내국인,여성,11769,12765,126831004
202002,비알콜 음료점업,중국,알수없음,77,90,776240
202002,빵 및 과자류 소매업,내국인,남성,9104,9726,142570638
202002,빵 및 과자류 소매업,내국인,여성,10635,11362,160361810
202002,빵 및 과자류 소매업,중국,알수없음,83,93,1276130
202002,서양식 음식점업,내국인,남성,22804,24414,511114996
202002,서양식 음식점업,내국인,여성,25009,26836,507067852
202002,서양식 음식점업,중국,알수없음,81,95,1921760
202002,스포츠 및 레크레이션 용품 임대업,내국인,남성,2320,2554,147546950
202002,스포츠 및 레크레이션 용품 임대업,내국인,여성,1191,1350,88164800
202002,스포츠 및 레크레이션 용품 임대업,중국,알수없음,147,198,40397470
202002,일식 음식점업,내국인,남성,5922,6069,387989912
202002,일식 음식점업,내국인,여성,3960,4048,215406150
202002,일식 음식점업,중국,알수없음,21,27,1999500
202002,중식 음식점업,내국인,남성,5422,5630,141551450
202002,중식 음식점업,내국인,여성,2455,2531,64758660
202002,중식 음식점업,중국,알수없음,76,90,6249380
202002,"피자, 햄버거, 샌드위치 및 유사 음식점업",내국인,남성,11841,12610,147552544
202002,"피자, 햄버거, 샌드위치 및 유사 음식점업",내국인,여성,8142,8708,95464058
202002,"피자, 햄버거, 샌드위치 및 유사 음식점업",중국,알수없음,97,114,1502120
202002,한식 음식점업,내국인,남성,97520,101972,3907003782
202002,한식 음식점업,내국인,여성,64661,67559,2339922250
202002,한식 음식점업,중국,알수없음,523,596,45492180
202003,관광 민예품 및 선물용품 소매업,내국인,남성,2688,2881,73599880
202003,관광 민예품 및 선물용품 소매업,내국인,여성,3505,3787,88101215
202003,관광 민예품 및 선물용품 소매업,중국,알수없음,1,1,7000
202003,그외 기타 분류안된 오락관련 서비스업,내국인,남성,70,73,1681450
202003,그외 기타 분류안된 오락관련 서비스업,내국인,여성,76,79,1533500
202003,기타 수상오락 서비스업,내국인,남성,54,65,3833400
202003,기타 수상오락 서비스업,내국인,여성,16,18,671900
202003,기타 외국식 음식점업,내국인,남성,2073,2170,58960489
202003,기타 외국식 음식점업,내국인,여성,931,953,27294196
202003,기타 외국식 음식점업,중국,알수없음,1,2,158000
202003,비알콜 음료점업,내국인,남성,12866,14029,127454380
202003,비알콜 음료점업,내국인,여성,11728,12587,115321355
202003,비알콜 음료점업,중국,알수없음,13,13,107900
202003,빵 및 과자류 소매업,내국인,남성,9066,9681,135213680
202003,빵 및 과자류 소매업,내국인,여성,10518,11201,148987785
202003,빵 및 과자류 소매업,중국,알수없음,30,34,304350
202003,서양식 음식점업,내국인,남성,22249,23871,482697727
202003,서양식 음식점업,내국인,여성,24313,26194,488356048
202003,서양식 음식점업,중국,알수없음,31,38,1396150
202003,스포츠 및 레크레이션 용품 임대업,내국인,남성,2655,2923,184291403
202003,스포츠 및 레크레이션 용품 임대업,내국인,여성,1381,1531,107756420
202003,스포츠 및 레크레이션 용품 임대업,중국,알수없음,51,78,22026000
202003,일식 음식점업,내국인,남성,5539,5679,336712150
202003,일식 음식점업,내국인,여성,3883,3983,194774540
202003,일식 음식점업,중국,알수없음,9,10,1149500
202003,중식 음식점업,내국인,남성,5605,5776,143235950
202003,중식 음식점업,내국인,여성,2503,2562,63414650
202003,중식 음식점업,중국,알수없음,11,11,406500
202003,"피자, 햄버거, 샌드위치 및 유사 음식점업",내국인,남성,11358,12202,136429619
202003,"피자, 햄버거, 샌드위치 및 유사 음식점업",내국인,여성,8168,8834,95510591
202003,"피자, 햄버거, 샌드위치 및 유사 음식점업",중국,알수없음,25,25,275800
202003,한식 음식점업,내국인,남성,91946,96206,3483148863
202003,한식 음식점업,내국인,여성,60682,63390,2059539957
202003,한식 음식점업,중국,알수없음,99,107,4667700
202004,관광 민예품 및 선물용품 소매업,내국인,남성,2630,2801,76784100
202004,관광 민예품 및 선물용품 소매업,내국인,여성,3221,3486,82039410
202004,관광 민예품 및 선물용품 소매업,중국,알수없음,1,1,99000
202004,그외 기타 분류안된 오락관련 서비스업,내국인,남성,55,57,1153500
202004,그외 기타 분류안된 오락관련 서비스업,내국인,여성,46,49,947100
202004,기타 수상오락 서비스업,내국인,남성,50,60,2491000
202004,기타 수상오락 서비스업,내국인,여성,25,32,2219600
202004,기타 외국식 음식점업,내국인,남성,2021,2073,56266501
202004,기타 외국식 음식점업,내국인,여성,927,941,29885266
202004,기타 외국식 음식점업,중국,알수없음,6,6,213300
202004,비알콜 음료점업,내국인,남성,14170,15292,138927552
202004,비알콜 음료점업,내국인,여성,12222,13199,120047566
202004,비알콜 음료점업,중국,알수없음,12,12,120600
202004,빵 및 과자류 소매업,내국인,남성,9211,9900,147272700
202004,빵 및 과자류 소매업,내국인,여성,10531,11179,153368870
202004,빵 및 과자류 소매업,중국,알수없음,28,32,523250
202004,서양식 음식점업,내국인,남성,23113,24792,495650143
202004,서양식 음식점업,내국인,여성,24583,26436,487226221
202004,서양식 음식점업,중국,알수없음,20,25,527900
202004,스포츠 및 레크레이션 용품 임대업,내국인,남성,3197,3485,225518109
202004,스포츠 및 레크레이션 용품 임대업,내국인,여성,1679,1854,130181644
202004,스포츠 및 레크레이션 용품 임대업,중국,알수없음,81,104,24871900
202004,일식 음식점업,내국인,남성,6353,6515,400917900
202004,일식 음식점업,내국인,여성,4131,4251,215590950
202004,일식 음식점업,중국,알수없음,2,3,116100
202004,중식 음식점업,내국인,남성,5612,5794,142187900
202004,중식 음식점업,내국인,여성,2923,2988,75061200
202004,중식 음식점업,중국,알수없음,16,17,947500
202004,"피자, 햄버거, 샌드위치 및 유사 음식점업",내국인,남성,11788,12599,138754577
202004,"피자, 햄버거, 샌드위치 및 유사 음식점업",내국인,여성,8652,9336,99341795
202004,"피자, 햄버거, 샌드위치 및 유사 음식점업",중국,알수없음,23,28,413040
202004,한식 음식점업,내국인,남성,96370,100310,3701426528
202004,한식 음식점업,내국인,여성,62388,64985,2200347361
202004,한식 음식점업,중국,알수없음,101,113,7198300
202005,관광 민예품 및 선물용품 소매업,내국인,남성,5802,6220,177677500
202005,관광 민예품 및 선물용품 소매업,내국인,여성,6957,7527,195435360
202005,관광 민예품 및 선물용품 소매업,중국,알수없음,3,3,103000
202005,그외 기타 분류안된 오락관련 서비스업,내국인,남성,99,103,1995300
202005,그외 기타 분류안된 오락관련 서비스업,내국인,여성,97,103,1706800
202005,기타 수상오락 서비스업,내국인,남성,111,129,7462400
202005,기타 수상오락 서비스업,내국인,여성,61,73,2551500
202005,기타 외국식 음식점업,내국인,남성,2385,2453,70953587
202005,기타 외국식 음식점업,내국인,여성,1226,1247,39863858
202005,기타 외국식 음식점업,중국,알수없음,2,2,63500
202005,비알콜 음료점업,내국인,남성,19851,21448,205105686
202005,비알콜 음료점업,내국인,여성,17815,19242,190683907
202005,비알콜 음료점업,중국,알수없음,12,14,193200
202005,빵 및 과자류 소매업,내국인,남성,12495,13382,202392050
202005,빵 및 과자류 소매업,내국인,여성,14576,15559,236114536
202005,빵 및 과자류 소매업,중국,알수없음,38,50,1011200
202005,서양식 음식점업,내국인,남성,35302,37977,814240660
202005,서양식 음식점업,내국인,여성,37906,40775,791546479
202005,서양식 음식점업,중국,알수없음,34,38,1896490
202005,스포츠 및 레크레이션 용품 임대업,내국인,남성,4897,5425,315291370
202005,스포츠 및 레크레이션 용품 임대업,내국인,여성,2595,2881,192047641
202005,스포츠 및 레크레이션 용품 임대업,중국,알수없음,72,100,20675600
202005,일식 음식점업,내국인,남성,9011,9238,595597650
202005,일식 음식점업,내국인,여성,6643,6801,361485400
202005,일식 음식점업,중국,알수없음,7,8,1193000
202005,중식 음식점업,내국인,남성,7157,7353,183470110
202005,중식 음식점업,내국인,여성,3952,4060,101898482
202005,중식 음식점업,중국,알수없음,21,24,1117100
202005,"피자, 햄버거, 샌드위치 및 유사 음식점업",내국인,남성,16078,17290,194516611
202005,"피자, 햄버거, 샌드위치 및 유사 음식점업",내국인,여성,12081,12974,144275205
202005,"피자, 햄버거, 샌드위치 및 유사 음식점업",중국,알수없음,38,48,639200
202005,한식 음식점업,내국인,남성,136617,142141,5519926517
202005,한식 음식점업,내국인,여성,95657,99570,3594331517
202005,한식 음식점업,중국,알수없음,139,161,10226100
202006,관광 민예품 및 선물용품 소매업,내국인,남성,6881,7411,224828640
202006,관광 민예품 및 선물용품 소매업,내국인,여성,8758,9527,258774100
202006,관광 민예품 및 선물용품 소매업,중국,알수없음,3,4,185000
202006,그외 기타 분류안된 오락관련 서비스업,내국인,남성,149,154,3044500
202006,그외 기타 분류안된 오락관련 서비스업,내국인,여성,156,162,2513900
202006,기타 수상오락 서비스업,내국인,남성,109,128,5672100
202006,기타 수상오락 서비스업,내국인,여성,66,75,4297800
202006,기타 외국식 음식점업,내국인,남성,2130,2195,62259878
202006,기타 외국식 음식점업,내국인,여성,1115,1134,36146707
202006,비알콜 음료점업,내국인,남성,21268,23045,223947391
202006,비알콜 음료점업,내국인,여성,19109,20758,209940423
202006,비알콜 음료점업,중국,알수없음,10,13,183800
202006,빵 및 과자류 소매업,내국인,남성,12066,12866,201742135
202006,빵 및 과자류 소매업,내국인,여성,14156,15110,232337795
202006,빵 및 과자류 소매업,중국,알수없음,26,28,476550
202006,서양식 음식점업,내국인,남성,36774,39678,869549837
202006,서양식 음식점업,내국인,여성,41755,44941,892558306
202006,서양식 음식점업,중국,알수없음,21,23,1415600
202006,스포츠 및 레크레이션 용품 임대업,내국인,남성,4439,4902,254510740
202006,스포츠 및 레크레이션 용품 임대업,내국인,여성,2325,2600,159808750
202006,스포츠 및 레크레이션 용품 임대업,중국,알수없음,40,51,8951900
202006,일식 음식점업,내국인,남성,9656,9891,642815189
202006,일식 음식점업,내국인,여성,7126,7311,404853650
202006,일식 음식점업,중국,알수없음,7,8,1281100
202006,중식 음식점업,내국인,남성,6818,7042,177588549
202006,중식 음식점업,내국인,여성,3624,3706,91098042
202006,중식 음식점업,중국,알수없음,26,27,1119900
202006,"피자, 햄버거, 샌드위치 및 유사 음식점업",내국인,남성,16269,17474,194914515
202006,"피자, 햄버거, 샌드위치 및 유사 음식점업",내국인,여성,12461,13331,146594002
202006,"피자, 햄버거, 샌드위치 및 유사 음식점업",중국,알수없음,29,34,450900
202006,한식 음식점업,내국인,남성,139199,144970,5704828225
202006,한식 음식점업,내국인,여성,103504,107705,3941145956
202006,한식 음식점업,중국,알수없음,128,153,9025200
202007,관광 민예품 및 선물용품 소매업,내국인,남성,9191,9875,282427720
202007,관광 민예품 및 선물용품 소매업,내국인,여성,12030,13008,332577254
202007,관광 민예품 및 선물용품 소매업,중국,알수없음,8,12,659000
202007,그외 기타 분류안된 오락관련 서비스업,내국인,남성,198,213,3867900
202007,그외 기타 분류안된 오락관련 서비스업,내국인,여성,267,281,4819500
202007,기타 수상오락 서비스업,내국인,남성,140,169,9391300
202007,기타 수상오락 서비스업,내국인,여성,65,76,4401700
202007,기타 외국식 음식점업,내국인,남성,2339,2428,68327142
202007,기타 외국식 음식점업,내국인,여성,1250,1271,41928882
202007,기타 외국식 음식점업,중국,알수없음,2,2,54500
202007,비알콜 음료점업,내국인,남성,23642,25649,262810269
202007,비알콜 음료점업,내국인,여성,22328,24200,256505463
202007,비알콜 음료점업,중국,알수없음,9,11,101600
202007,빵 및 과자류 소매업,내국인,남성,13750,14742,234319788
202007,빵 및 과자류 소매업,내국인,여성,17149,18388,280193275
202007,빵 및 과자류 소매업,중국,알수없음,21,23,362300
202007,서양식 음식점업,내국인,남성,45692,49361,1104712764
202007,서양식 음식점업,내국인,여성,52756,57049,1139904811
202007,서양식 음식점업,중국,알수없음,23,28,1063800
202007,스포츠 및 레크레이션 용품 임대업,내국인,남성,5214,5806,288098110
202007,스포츠 및 레크레이션 용품 임대업,내국인,여성,2778,3068,178603190
202007,스포츠 및 레크레이션 용품 임대업,중국,알수없음,43,49,8409500
202007,일식 음식점업,내국인,남성,10896,11138,741454750
202007,일식 음식점업,내국인,여성,8398,8584,458800120
202007,일식 음식점업,중국,알수없음,5,9,1332000
202007,중식 음식점업,내국인,남성,7597,7856,205894050
202007,중식 음식점업,내국인,여성,4389,4516,116913170
202007,중식 음식점업,중국,알수없음,26,27,1300100
202007,"피자, 햄버거, 샌드위치 및 유사 음식점업",내국인,남성,19241,20623,238565120
202007,"피자, 햄버거, 샌드위치 및 유사 음식점업",내국인,여성,15156,16251,182684780
202007,"피자, 햄버거, 샌드위치 및 유사 음식점업",중국,알수없음,26,29,313100
202007,한식 음식점업,내국인,남성,161124,168060,6799310765
202007,한식 음식점업,내국인,여성,123606,128705,4701125868
202007,한식 음식점업,중국,알수없음,164,192,12423200
202008,관광 민예품 및 선물용품 소매업,내국인,남성,11622,12638,358362322
202008,관광 민예품 및 선물용품 소매업,내국인,여성,14795,16227,424975700
202008,관광 민예품 및 선물용품 소매업,중국,알수없음,13,19,715000
202008,그외 기타 분류안된 오락관련 서비스업,내국인,남성,63,65,2115500
202008,그외 기타 분류안된 오락관련 서비스업,내국인,여성,64,64,2009500
202008,기타 수상오락 서비스업,내국인,남성,177,201,11062400
202008,기타 수상오락 서비스업,내국인,여성,108,122,7548700
202008,기타 외국식 음식점업,내국인,남성,2372,2440,78783317
202008,기타 외국식 음식점업,내국인,여성,1306,1329,46336119
202008,기타 외국식 음식점업,중국,알수없음,2,3,38500
202008,비알콜 음료점업,내국인,남성,30318,32930,353605006
202008,비알콜 음료점업,내국인,여성,28804,31315,347095515
202008,비알콜 음료점업,중국,알수없음,27,34,586700
202008,빵 및 과자류 소매업,내국인,남성,15984,17221,275512450
202008,빵 및 과자류 소매업,내국인,여성,18875,20303,311061120
202008,빵 및 과자류 소매업,중국,알수없음,27,28,802650
202008,서양식 음식점업,내국인,남성,55605,60389,1381775108
202008,서양식 음식점업,내국인,여성,60964,66321,1377297371
202008,서양식 음식점업,중국,알수없음,25,29,1193800
202008,스포츠 및 레크레이션 용품 임대업,내국인,남성,6215,6964,362230908
202008,스포츠 및 레크레이션 용품 임대업,내국인,여성,3687,4130,199404465
202008,스포츠 및 레크레이션 용품 임대업,중국,알수없음,34,35,5002100
202008,일식 음식점업,내국인,남성,13031,13290,944908450
202008,일식 음식점업,내국인,여성,9685,9915,582976100
202008,일식 음식점업,중국,알수없음,2,3,197000
202008,중식 음식점업,내국인,남성,8482,8752,241914360
202008,중식 음식점업,내국인,여성,5065,5184,142629960
202008,중식 음식점업,중국,알수없음,38,41,2152900
202008,"피자, 햄버거, 샌드위치 및 유사 음식점업",내국인,남성,23402,25112,317415340
202008,"피자, 햄버거, 샌드위치 및 유사 음식점업",내국인,여성,18166,19533,241213208
202008,"피자, 햄버거, 샌드위치 및 유사 음식점업",중국,알수없음,31,32,528800
202008,한식 음식점업,내국인,남성,195133,203633,8679364032
202008,한식 음식점업,내국인,여성,144596,150972,5900411399
202008,한식 음식점업,중국,알수없음,133,157,11054800
202009,관광 민예품 및 선물용품 소매업,내국인,남성,5698,6096,168825240
202009,관광 민예품 및 선물용품 소매업,내국인,여성,7315,7891,205998380
202009,관광 민예품 및 선물용품 소매업,중국,알수없음,7,10,248000
202009,그외 기타 분류안된 오락관련 서비스업,내국인,남성,27,29,790500
202009,그외 기타 분류안된 오락관련 서비스업,내국인,여성,37,41,562500
202009,기타 수상오락 서비스업,내국인,남성,96,108,5979000
202009,기타 수상오락 서비스업,내국인,여성,53,54,2336100
202009,기타 외국식 음식점업,내국인,남성,2003,2083,55342237
202009,기타 외국식 음식점업,내국인,여성,972,995,29941714
202009,기타 외국식 음식점업,중국,알수없음,1,1,52000
202009,비알콜 음료점업,내국인,남성,18473,19990,187870799
202009,비알콜 음료점업,내국인,여성,16810,18252,181805843
202009,비알콜 음료점업,중국,알수없음,11,12,99950
202009,빵 및 과자류 소매업,내국인,남성,11896,12679,197951400
202009,빵 및 과자류 소매업,내국인,여성,14304,15229,232482849
202009,빵 및 과자류 소매업,중국,알수없음,32,36,985150
202009,서양식 음식점업,내국인,남성,35289,37930,809217710
202009,서양식 음식점업,내국인,여성,38725,41558,807207974
202009,서양식 음식점업,중국,알수없음,12,16,565450
202009,스포츠 및 레크레이션 용품 임대업,내국인,남성,4352,4820,249653370
202009,스포츠 및 레크레이션 용품 임대업,내국인,여성,2416,2664,159426540
202009,스포츠 및 레크레이션 용품 임대업,중국,알수없음,47,73,20662860
202009,일식 음식점업,내국인,남성,8241,8424,522890728
202009,일식 음식점업,내국인,여성,6035,6171,318493181
202009,일식 음식점업,중국,알수없음,5,6,435500
202009,중식 음식점업,내국인,남성,6572,6752,170870640
202009,중식 음식점업,내국인,여성,3681,3778,94032150
202009,중식 음식점업,중국,알수없음,44,53,2819500
202009,"피자, 햄버거, 샌드위치 및 유사 음식점업",내국인,남성,15033,15983,187247734
202009,"피자, 햄버거, 샌드위치 및 유사 음식점업",내국인,여성,11856,12681,144606055
202009,"피자, 햄버거, 샌드위치 및 유사 음식점업",중국,알수없음,28,35,423340
202009,한식 음식점업,내국인,남성,125239,130346,4890711801
202009,한식 음식점업,내국인,여성,92387,96151,3309989632
202009,한식 음식점업,중국,알수없음,119,135,6579700
202010,관광 민예품 및 선물용품 소매업,내국인,남성,8995,9755,313654708
202010,관광 민예품 및 선물용품 소매업,내국인,여성,12021,13071,353384820
202010,관광 민예품 및 선물용품 소매업,중국,알수없음,5,8,205000
202010,그외 기타 분류안된 오락관련 서비스업,내국인,남성,79,85,2644900
202010,그외 기타 분류안된 오락관련 서비스업,내국인,여성,94,100,1992900
202010,기타 수상오락 서비스업,내국인,남성,127,143,9967100
202010,기타 수상오락 서비스업,내국인,여성,59,64,3401700
202010,기타 외국식 음식점업,내국인,남성,2130,2198,72432879
202010,기타 외국식 음식점업,내국인,여성,1213,1227,42062636
202010,비알콜 음료점업,내국인,남성,22894,24777,251715162
202010,비알콜 음료점업,내국인,여성,21810,23447,248404887
202010,비알콜 음료점업,중국,알수없음,16,21,160800
202010,빵 및 과자류 소매업,내국인,남성,14302,15242,247687720
202010,빵 및 과자류 소매업,내국인,여성,17909,19165,308014347
202010,빵 및 과자류 소매업,중국,알수없음,31,32,811210
202010,서양식 음식점업,내국인,남성,45607,49201,1130713585
202010,서양식 음식점업,내국인,여성,51996,55926,1129858788
202010,서양식 음식점업,중국,알수없음,23,27,2223300
202010,스포츠 및 레크레이션 용품 임대업,내국인,남성,5589,6191,360631360
202010,스포츠 및 레크레이션 용품 임대업,내국인,여성,3286,3633,224340090
202010,스포츠 및 레크레이션 용품 임대업,중국,알수없음,56,71,14057500
202010,일식 음식점업,내국인,남성,10951,11168,844635408
202010,일식 음식점업,내국인,여성,8644,8821,550787525
202010,일식 음식점업,중국,알수없음,2,2,41500
202010,중식 음식점업,내국인,남성,8019,8249,215321559
202010,중식 음식점업,내국인,여성,4809,4946,127438146
202010,중식 음식점업,중국,알수없음,49,61,5968400
202010,"피자, 햄버거, 샌드위치 및 유사 음식점업",내국인,남성,17301,18516,219114926
202010,"피자, 햄버거, 샌드위치 및 유사 음식점업",내국인,여성,13980,14950,175319683
202010,"피자, 햄버거, 샌드위치 및 유사 음식점업",중국,알수없음,30,35,400400
202010,한식 음식점업,내국인,남성,164126,170873,7129191843
202010,한식 음식점업,내국인,여성,126250,131523,5060428576
202010,한식 음식점업,중국,알수없음,133,145,11338900
202011,관광 민예품 및 선물용품 소매업,내국인,남성,11354,12280,422486170
202011,관광 민예품 및 선물용품 소매업,내국인,여성,15242,16729,486877075
202011,관광 민예품 및 선물용품 소매업,중국,알수없음,2,3,71000
202011,그외 기타 분류안된 오락관련 서비스업,내국인,남성,54,57,1305500
202011,그외 기타 분류안된 오락관련 서비스업,내국인,여성,89,93,1888500
202011,기타 수상오락 서비스업,내국인,남성,103,118,6903500
202011,기타 수상오락 서비스업,내국인,여성,42,46,1565600
202011,기타 외국식 음식점업,내국인,남성,2044,2110,66837483
202011,기타 외국식 음식점업,내국인,여성,1183,1201,40811735
202011,기타 외국식 음식점업,중국,알수없음,2,2,54000
202011,비알콜 음료점업,내국인,남성,19688,21452,223494407
202011,비알콜 음료점업,내국인,여성,19250,20854,222764181
202011,비알콜 음료점업,중국,알수없음,12,14,105400
202011,빵 및 과자류 소매업,내국인,남성,13882,14785,268055102
202011,빵 및 과자류 소매업,내국인,여성,18460,19626,328906549
202011,빵 및 과자류 소매업,중국,알수없음,35,41,613770
202011,서양식 음식점업,내국인,남성,40425,43460,991561913
202011,서양식 음식점업,내국인,여성,48912,52737,1100930495
202011,서양식 음식점업,중국,알수없음,9,16,514500
202011,스포츠 및 레크레이션 용품 임대업,내국인,남성,4440,4926,308826125
202011,스포츠 및 레크레이션 용품 임대업,내국인,여성,2681,2960,192428900
202011,스포츠 및 레크레이션 용품 임대업,중국,알수없음,61,76,21829700
202011,일식 음식점업,내국인,남성,10580,10807,858391383
202011,일식 음식점업,내국인,여성,8460,8660,566569043
202011,일식 음식점업,중국,알수없음,2,2,105000
202011,중식 음식점업,내국인,남성,7229,7483,194788880
202011,중식 음식점업,내국인,여성,4306,4433,115874965
202011,중식 음식점업,중국,알수없음,49,68,5609600
202011,"피자, 햄버거, 샌드위치 및 유사 음식점업",내국인,남성,15974,17044,207803195
202011,"피자, 햄버거, 샌드위치 및 유사 음식점업",내국인,여성,12818,13672,162512774
202011,"피자, 햄버거, 샌드위치 및 유사 음식점업",중국,알수없음,26,31,445200
202011,한식 음식점업,내국인,남성,157623,164035,7237293733
202011,한식 음식점업,내국인,여성,125988,131133,5210402190
202011,한식 음식점업,중국,알수없음,80,90,4907100
202012,관광 민예품 및 선물용품 소매업,내국인,남성,4845,5155,157417000
202012,관광 민예품 및 선물용품 소매업,내국인,여성,5384,5779,158698150
202012,관광 민예품 및 선물용품 소매업,중국,알수없음,2,3,85000
202012,그외 기타 분류안된 오락관련 서비스업,내국인,남성,37,38,903700
202012,그외 기타 분류안된 오락관련 서비스업,내국인,여성,29,32,500800
202012,기타 수상오락 서비스업,내국인,남성,72,82,5307900
202012,기타 수상오락 서비스업,내국인,여성,33,40,1285700
202012,기타 외국식 음식점업,내국인,남성,1710,1750,48247920
202012,기타 외국식 음식점업,내국인,여성,843,857,23166365
202012,비알콜 음료점업,내국인,남성,12008,13087,123376118
202012,비알콜 음료점업,내국인,여성,10117,10899,103470681
202012,비알콜 음료점업,중국,알수없음,12,14,178100
202012,빵 및 과자류 소매업,내국인,남성,10133,10684,181571879
202012,빵 및 과자류 소매업,내국인,여성,11418,12094,190261297
202012,빵 및 과자류 소매업,중국,알수없음,16,19,281750
202012,서양식 음식점업,내국인,남성,23336,25043,543269345
202012,서양식 음식점업,내국인,여성,23295,25066,493360712
202012,서양식 음식점업,중국,알수없음,7,7,583000
202012,스포츠 및 레크레이션 용품 임대업,내국인,남성,2964,3240,227823510
202012,스포츠 및 레크레이션 용품 임대업,내국인,여성,1543,1695,128082010
202012,스포츠 및 레크레이션 용품 임대업,중국,알수없음,18,20,4400400
202012,일식 음식점업,내국인,남성,6455,6583,456121500
202012,일식 음식점업,내국인,여성,4280,4384,252719483
202012,일식 음식점업,중국,알수없음,3,4,138400
202012,중식 음식점업,내국인,남성,5560,5712,142189390
202012,중식 음식점업,내국인,여성,2698,2759,72443050
202012,중식 음식점업,중국,알수없음,40,44,2749200
202012,"피자, 햄버거, 샌드위치 및 유사 음식점업",내국인,남성,12023,12752,156526280
202012,"피자, 햄버거, 샌드위치 및 유사 음식점업",내국인,여성,8700,9245,109058005
202012,"피자, 햄버거, 샌드위치 및 유사 음식점업",중국,알수없음,30,35,468100
202012,한식 음식점업,내국인,남성,97501,101334,3964108773
202012,한식 음식점업,내국인,여성,62542,64822,2316849300
202012,한식 음식점업,중국,알수없음,60,65,3890100
202101,관광 민예품 및 선물용품 소매업,내국인,남성,3796,4044,106499915
202101,관광 민예품 및 선물용품 소매업,내국인,여성,4432,4753,110491000
202101,관광 민예품 및 선물용품 소매업,중국,알수없음,2,3,69000
202101,그외 기타 분류안된 오락관련 서비스업,내국인,남성,14,14,515000
202101,그외 기타 분류안된 오락관련 서비스업,내국인,여성,28,35,623800
202101,기타 수상오락 서비스업,내국인,남성,28,30,1434600
202101,기타 수상오락 서비스업,내국인,여성,11,13,327700
202101,기타 외국식 음식점업,내국인,남성,1486,1555,44006770
202101,기타 외국식 음식점업,내국인,여성,735,762,21939356
202101,비알콜 음료점업,내국인,남성,11992,13101,118799392
202101,비알콜 음료점업,내국인,여성,10429,11354,104332518
202101,비알콜 음료점업,중국,알수없음,13,13,124100
202101,빵 및 과자류 소매업,내국인,남성,10438,11164,173432340
202101,빵 및 과자류 소매업,내국인,여성,11840,12691,189900780
202101,빵 및 과자류 소매업,중국,알수없음,28,36,576100
202101,서양식 음식점업,내국인,남성,20821,22386,480732614
202101,서양식 음식점업,내국인,여성,22243,24090,465796537
202101,서양식 음식점업,중국,알수없음,7,9,285800
202101,스포츠 및 레크레이션 용품 임대업,내국인,남성,2395,2618,170380874
202101,스포츠 및 레크레이션 용품 임대업,내국인,여성,1132,1256,91078740
202101,스포츠 및 레크레이션 용품 임대업,중국,알수없음,18,21,3115000
202101,일식 음식점업,내국인,남성,5553,5680,358235600
202101,일식 음식점업,내국인,여성,3663,3772,193783150
202101,일식 음식점업,중국,알수없음,4,6,666000
202101,중식 음식점업,내국인,남성,5747,5947,146951565
202101,중식 음식점업,내국인,여성,2700,2778,70073805
202101,중식 음식점업,중국,알수없음,28,30,1473960
202101,"피자, 햄버거, 샌드위치 및 유사 음식점업",내국인,남성,11181,11953,146621891
202101,"피자, 햄버거, 샌드위치 및 유사 음식점업",내국인,여성,7890,8467,102390879
202101,"피자, 햄버거, 샌드위치 및 유사 음식점업",중국,알수없음,25,27,362400
202101,한식 음식점업,내국인,남성,85707,89465,3340827725
202101,한식 음식점업,내국인,여성,53738,56042,1893363571
202101,한식 음식점업,중국,알수없음,39,44,2368800
202102,관광 민예품 및 선물용품 소매업,내국인,남성,7323,7850,196281140
202102,관광 민예품 및 선물용품 소매업,내국인,여성,9503,10349,239306975
202102,관광 민예품 및 선물용품 소매업,중국,알수없음,4,6,146900
202102,그외 기타 분류안된 오락관련 서비스업,내국인,남성,44,46,1127800
202102,그외 기타 분류안된 오락관련 서비스업,내국인,여성,71,75,1302600
202102,기타 수상오락 서비스업,내국인,남성,76,88,3311500
202102,기타 수상오락 서비스업,내국인,여성,29,29,2569200
202102,기타 외국식 음식점업,내국인,남성,1562,1610,48329430
202102,기타 외국식 음식점업,내국인,여성,819,833,26049430
202102,기타 외국식 음식점업,중국,알수없음,1,1,59000
202102,비알콜 음료점업,내국인,남성,16214,17546,168931790
202102,비알콜 음료점업,내국인,여성,14525,15668,158820034
202102,비알콜 음료점업,중국,알수없음,6,6,50800
202102,빵 및 과자류 소매업,내국인,남성,12956,13791,229976711
202102,빵 및 과자류 소매업,내국인,여성,16076,17191,274705206
202102,빵 및 과자류 소매업,중국,알수없음,23,23,250690
202102,서양식 음식점업,내국인,남성,33450,36070,766386631
202102,서양식 음식점업,내국인,여성,36830,39859,772860632
202102,서양식 음식점업,중국,알수없음,16,19,433600
202102,스포츠 및 레크레이션 용품 임대업,내국인,남성,3461,3821,232626671
202102,스포츠 및 레크레이션 용품 임대업,내국인,여성,1978,2220,146390130
202102,스포츠 및 레크레이션 용품 임대업,중국,알수없음,31,45,6524100
202102,일식 음식점업,내국인,남성,8036,8238,557610450
202102,일식 음식점업,내국인,여성,5789,5948,327577300
202102,일식 음식점업,중국,알수없음,2,3,236000
202102,중식 음식점업,내국인,남성,6093,6305,162270354
202102,중식 음식점업,내국인,여성,3177,3269,83587852
202102,중식 음식점업,중국,알수없음,25,30,2124060
202102,"피자, 햄버거, 샌드위치 및 유사 음식점업",내국인,남성,13773,14688,180847542
202102,"피자, 햄버거, 샌드위치 및 유사 음식점업",내국인,여성,10347,11039,133168970
202102,"피자, 햄버거, 샌드위치 및 유사 음식점업",중국,알수없음,33,39,531000
202102,한식 음식점업,내국인,남성,119021,123810,4925660065
202102,한식 음식점업,내국인,여성,83947,87562,3133591579
202102,한식 음식점업,중국,알수없음,50,60,4636500
202103,관광 민예품 및 선물용품 소매업,내국인,남성,8734,9363,263421450
202103,관광 민예품 및 선물용품 소매업,내국인,여성,12824,13921,363636410
202103,그외 기타 분류안된 오락관련 서비스업,내국인,남성,42,44,924000
202103,그외 기타 분류안된 오락관련 서비스업,내국인,여성,73,75,1189100
202103,기타 수상오락 서비스업,내국인,남성,53,59,4268450
202103,기타 수상오락 서비스업,내국인,여성,32,35,2933900
202103,기타 외국식 음식점업,내국인,남성,1883,1927,58347610
202103,기타 외국식 음식점업,내국인,여성,1039,1051,30490450
202103,비알콜 음료점업,내국인,남성,20441,22222,230365851
202103,비알콜 음료점업,내국인,여성,19039,20556,215018715
202103,비알콜 음료점업,중국,알수없음,14,19,161300
202103,빵 및 과자류 소매업,내국인,남성,15341,16383,281762111
202103,빵 및 과자류 소매업,내국인,여성,20380,21855,365455323
202103,빵 및 과자류 소매업,중국,알수없음,21,27,322500
202103,서양식 음식점업,내국인,남성,41380,44528,935136901
202103,서양식 음식점업,내국인,여성,49824,53742,1035160528
202103,서양식 음식점업,중국,알수없음,8,8,230900
202103,스포츠 및 레크레이션 용품 임대업,내국인,남성,3901,4247,269402740
202103,스포츠 및 레크레이션 용품 임대업,내국인,여성,2347,2579,188041315
202103,스포츠 및 레크레이션 용품 임대업,중국,알수없음,20,27,5358300
202103,일식 음식점업,내국인,남성,9733,9936,669841950
202103,일식 음식점업,내국인,여성,7896,8082,455396960
202103,일식 음식점업,중국,알수없음,1,1,19500
202103,중식 음식점업,내국인,남성,7553,7851,193466022
202103,중식 음식점업,내국인,여성,4481,4617,111758862
202103,중식 음식점업,중국,알수없음,36,41,2725900
202103,"피자, 햄버거, 샌드위치 및 유사 음식점업",내국인,남성,15150,16130,188054870
202103,"피자, 햄버거, 샌드위치 및 유사 음식점업",내국인,여성,12250,13018,150385890
202103,"피자, 햄버거, 샌드위치 및 유사 음식점업",중국,알수없음,34,54,690100
202103,한식 음식점업,내국인,남성,147299,153467,6045256177
202103,한식 음식점업,내국인,여성,115423,120150,4370463271
202103,한식 음식점업,중국,알수없음,53,58,3446600
202104,관광 민예품 및 선물용품 소매업,내국인,남성,11148,12116,373214750
202104,관광 민예품 및 선물용품 소매업,내국인,여성,17030,18670,542673510
202104,관광 민예품 및 선물용품 소매업,중국,알수없음,4,5,130000
202104,그외 기타 분류안된 오락관련 서비스업,내국인,남성,44,45,1167100
202104,그외 기타 분류안된 오락관련 서비스업,내국인,여성,61,64,997300
202104,기타 수상오락 서비스업,내국인,남성,78,85,5016000
202104,기타 수상오락 서비스업,내국인,여성,42,49,1306500
202104,기타 외국식 음식점업,내국인,남성,1971,2048,60127080
202104,기타 외국식 음식점업,내국인,여성,1040,1062,34839630
202104,비알콜 음료점업,내국인,남성,23900,26038,262886924
202104,비알콜 음료점업,내국인,여성,23454,25375,268473636
202104,비알콜 음료점업,중국,알수없음,3,3,24200
202104,빵 및 과자류 소매업,내국인,남성,17387,18619,333535099
202104,빵 및 과자류 소매업,내국인,여성,24488,26323,453140105
202104,빵 및 과자류 소매업,중국,알수없음,19,19,214600
202104,서양식 음식점업,내국인,남성,48354,52273,1122018474
202104,서양식 음식점업,내국인,여성,59869,65002,1308701142
202104,서양식 음식점업,중국,알수없음,18,21,1127700
202104,스포츠 및 레크레이션 용품 임대업,내국인,남성,4813,5283,306137165
202104,스포츠 및 레크레이션 용품 임대업,내국인,여성,3241,3568,239923340
202104,스포츠 및 레크레이션 용품 임대업,중국,알수없음,19,24,6950100
202104,일식 음식점업,내국인,남성,11878,12158,866889367
202104,일식 음식점업,내국인,여성,9854,10153,618190740
202104,일식 음식점업,중국,알수없음,3,3,110800
202104,중식 음식점업,내국인,남성,8165,8493,210684486
202104,중식 음식점업,내국인,여성,5165,5348,129911966
202104,중식 음식점업,중국,알수없음,44,53,2980500
202104,"피자, 햄버거, 샌드위치 및 유사 음식점업",내국인,남성,16797,17889,212119824
202104,"피자, 햄버거, 샌드위치 및 유사 음식점업",내국인,여성,14153,15140,176857246
202104,"피자, 햄버거, 샌드위치 및 유사 음식점업",중국,알수없음,27,39,689000
202104,한식 음식점업,내국인,남성,172064,179534,7484795249
202104,한식 음식점업,내국인,여성,141467,147765,5754650447
202104,한식 음식점업,중국,알수없음,67,73,4526400
202105,관광 민예품 및 선물용품 소매업,내국인,남성,12215,13266,408637558
202105,관광 민예품 및 선물용품 소매업,내국인,여성,17714,19558,544298365
202105,관광 민예품 및 선물용품 소매업,중국,알수없음,3,3,202500
202105,그외 기타 분류안된 오락관련 서비스업,내국인,남성,51,53,1490700
202105,그외 기타 분류안된 오락관련 서비스업,내국인,여성,71,76,1371600
202105,기타 수상오락 서비스업,내국인,남성,85,96,6877800
202105,기타 수상오락 서비스업,내국인,여성,50,55,2684500
202105,기타 외국식 음식점업,내국인,남성,1918,1968,59772574
202105,기타 외국식 음식점업,내국인,여성,1105,1131,35847390
202105,비알콜 음료점업,내국인,남성,24937,27226,281053602
202105,비알콜 음료점업,내국인,여성,24389,26363,279313660
202105,비알콜 음료점업,중국,알수없음,9,10,123500
202105,빵 및 과자류 소매업,내국인,남성,18839,20192,363473750
202105,빵 및 과자류 소매업,내국인,여성,25033,26926,469216033
202105,빵 및 과자류 소매업,중국,알수없음,18,21,422850
202105,서양식 음식점업,내국인,남성,52918,57270,1254504882
202105,서양식 음식점업,내국인,여성,62812,68204,1378487924
202105,서양식 음식점업,중국,알수없음,13,16,580800
202105,스포츠 및 레크레이션 용품 임대업,내국인,남성,5801,6438,357010015
202105,스포츠 및 레크레이션 용품 임대업,내국인,여성,3690,4111,241149525
202105,스포츠 및 레크레이션 용품 임대업,중국,알수없음,21,24,4317200
202105,일식 음식점업,내국인,남성,12229,12575,894618850
202105,일식 음식점업,내국인,여성,9914,10176,606182080
202105,일식 음식점업,중국,알수없음,4,4,244700
202105,중식 음식점업,내국인,남성,8681,9024,222068756
202105,중식 음식점업,내국인,여성,5385,5590,137739832
202105,중식 음식점업,중국,알수없음,30,35,1445300
202105,"피자, 햄버거, 샌드위치 및 유사 음식점업",내국인,남성,18706,20012,246075240
202105,"피자, 햄버거, 샌드위치 및 유사 음식점업",내국인,여성,15363,16455,196995010
202105,"피자, 햄버거, 샌드위치 및 유사 음식점업",중국,알수없음,35,52,771100
202105,한식 음식점업,내국인,남성,179916,187780,8028169470
202105,한식 음식점업,내국인,여성,142309,148460,5821840989
202105,한식 음식점업,중국,알수없음,59,70,4424000
202106,관광 민예품 및 선물용품 소매업,내국인,남성,12780,13892,436327520
202106,관광 민예품 및 선물용품 소매업,내국인,여성,19840,21741,605510900
202106,관광 민예품 및 선물용품 소매업,중국,알수없음,5,6,508000
202106,그외 기타 분류안된 오락관련 서비스업,내국인,남성,51,53,1625500
202106,그외 기타 분류안된 오락관련 서비스업,내국인,여성,66,73,1240000
202106,기타 수상오락 서비스업,내국인,남성,97,103,7706700
202106,기타 수상오락 서비스업,내국인,여성,36,38,1127400
202106,기타 외국식 음식점업,내국인,남성,1854,1904,56237700
202106,기타 외국식 음식점업,내국인,여성,1133,1170,37585700
202106,비알콜 음료점업,내국인,남성,23913,25916,255956003
202106,비알콜 음료점업,내국인,여성,25065,27183,284653478
202106,비알콜 음료점업,중국,알수없음,10,10,69300
202106,빵 및 과자류 소매업,내국인,남성,17611,18885,339986262
202106,빵 및 과자류 소매업,내국인,여성,25208,27133,470976000
202106,빵 및 과자류 소매업,중국,알수없음,14,19,242200
202106,서양식 음식점업,내국인,남성,52576,57063,1187720604
202106,서양식 음식점업,내국인,여성,67454,73433,1463191405
202106,서양식 음식점업,중국,알수없음,14,18,442800
202106,스포츠 및 레크레이션 용품 임대업,내국인,남성,5864,6498,345144540
202106,스포츠 및 레크레이션 용품 임대업,내국인,여성,3610,4008,217822985
202106,스포츠 및 레크레이션 용품 임대업,중국,알수없음,20,20,3534900
202106,일식 음식점업,내국인,남성,11487,11803,813489190
202106,일식 음식점업,내국인,여성,9958,10245,593804758
202106,일식 음식점업,중국,알수없음,2,2,104900
202106,중식 음식점업,내국인,남성,8182,8491,211343243
202106,중식 음식점업,내국인,여성,5368,5577,132758740
202106,중식 음식점업,중국,알수없음,18,18,545500
202106,"피자, 햄버거, 샌드위치 및 유사 음식점업",내국인,남성,18970,20191,239745406
202106,"피자, 햄버거, 샌드위치 및 유사 음식점업",내국인,여성,15986,17065,202362335
202106,"피자, 햄버거, 샌드위치 및 유사 음식점업",중국,알수없음,24,29,342600
202106,한식 음식점업,내국인,남성,167407,175154,7296787886
202106,한식 음식점업,내국인,여성,141950,148465,5748543330
202106,한식 음식점업,중국,알수없음,63,75,3614900
202107,관광 민예품 및 선물용품 소매업,내국인,남성,13424,14681,430946975
202107,관광 민예품 및 선물용품 소매업,내국인,여성,18972,20867,529065765
202107,관광 민예품 및 선물용품 소매업,중국,알수없음,4,5,173000
202107,그외 기타 분류안된 오락관련 서비스업,내국인,남성,46,49,1035800
202107,그외 기타 분류안된 오락관련 서비스업,내국인,여성,82,85,1563700
202107,기타 수상오락 서비스업,내국인,남성,118,133,6250800
202107,기타 수상오락 서비스업,내국인,여성,65,71,2942200
202107,기타 외국식 음식점업,내국인,남성,1919,1972,61087100
202107,기타 외국식 음식점업,내국인,여성,1075,1095,35371000
202107,비알콜 음료점업,내국인,남성,26295,28768,291196419
202107,비알콜 음료점업,내국인,여성,25027,27142,284535805
202107,비알콜 음료점업,중국,알수없음,1,1,12150
202107,빵 및 과자류 소매업,내국인,남성,17643,19045,335609397
202107,빵 및 과자류 소매업,내국인,여성,23440,25209,425698060
202107,빵 및 과자류 소매업,중국,알수없음,21,22,305850
202107,서양식 음식점업,내국인,남성,55345,60549,1324224095
202107,서양식 음식점업,내국인,여성,65258,71258,1419101838
202107,서양식 음식점업,중국,알수없음,12,13,1288900
202107,스포츠 및 레크레이션 용품 임대업,내국인,남성,5386,5962,308980730
202107,스포츠 및 레크레이션 용품 임대업,내국인,여성,3063,3419,186548505
202107,스포츠 및 레크레이션 용품 임대업,중국,알수없음,19,20,3469050
202107,일식 음식점업,내국인,남성,11673,12039,807715150
202107,일식 음식점업,내국인,여성,9222,9513,516209412
202107,일식 음식점업,중국,알수없음,2,2,116500
202107,중식 음식점업,내국인,남성,8335,8683,223672850
202107,중식 음식점업,내국인,여성,5058,5270,130254173
202107,중식 음식점업,중국,알수없음,15,15,1064680
202107,"피자, 햄버거, 샌드위치 및 유사 음식점업",내국인,남성,21390,22969,289942871
202107,"피자, 햄버거, 샌드위치 및 유사 음식점업",내국인,여성,17431,18712,235820965
202107,"피자, 햄버거, 샌드위치 및 유사 음식점업",중국,알수없음,18,19,338500
202107,한식 음식점업,내국인,남성,167908,176022,7444137980
202107,한식 음식점업,내국인,여성,130054,136020,5270754583
202107,한식 음식점업,중국,알수없음,61,76,6211900
202108,관광 민예품 및 선물용품 소매업,내국인,남성,12302,13335,367089196
202108,관광 민예품 및 선물용품 소매업,내국인,여성,16148,17726,446048460
202108,관광 민예품 및 선물용품 소매업,중국,알수없음,1,1,24500
202108,그외 기타 분류안된 오락관련 서비스업,내국인,남성,52,53,1004600
202108,그외 기타 분류안된 오락관련 서비스업,내국인,여성,76,82,1367500
202108,기타 수상오락 서비스업,내국인,남성,115,128,6855400
202108,기타 수상오락 서비스업,내국인,여성,54,57,2814100
202108,기타 외국식 음식점업,내국인,남성,2006,2052,58898618
202108,기타 외국식 음식점업,내국인,여성,1072,1091,33409600
202108,비알콜 음료점업,내국인,남성,26910,29329,290928038
202108,비알콜 음료점업,내국인,여성,24339,26374,267323963
202108,비알콜 음료점업,중국,알수없음,4,4,27000
202108,빵 및 과자류 소매업,내국인,남성,18760,20202,353380477
202108,빵 및 과자류 소매업,내국인,여성,23050,24888,422047269
202108,빵 및 과자류 소매업,중국,알수없음,13,14,175850
202108,서양식 음식점업,내국인,남성,57182,62456,1327782541
202108,서양식 음식점업,내국인,여성,62159,67990,1345295433
202108,서양식 음식점업,중국,알수없음,12,20,987400
202108,스포츠 및 레크레이션 용품 임대업,내국인,남성,5718,6351,323851949
202108,스포츠 및 레크레이션 용품 임대업,내국인,여성,2977,3265,192100690
202108,스포츠 및 레크레이션 용품 임대업,중국,알수없음,12,15,3964700
202108,일식 음식점업,내국인,남성,11533,11927,730567446
202108,일식 음식점업,내국인,여성,8379,8660,444566719
202108,중식 음식점업,내국인,남성,8547,8867,227082905
202108,중식 음식점업,내국인,여성,5156,5374,132878415
202108,중식 음식점업,중국,알수없음,13,14,832500
202108,"피자, 햄버거, 샌드위치 및 유사 음식점업",내국인,남성,22025,23606,301434230
202108,"피자, 햄버거, 샌드위치 및 유사 음식점업",내국인,여성,17384,18665,233429985
202108,"피자, 햄버거, 샌드위치 및 유사 음식점업",중국,알수없음,12,18,254200
202108,한식 음식점업,내국인,남성,171440,179552,7217668811
202108,한식 음식점업,내국인,여성,123745,129693,4783511946
202108,한식 음식점업,중국,알수없음,46,51,2141050
202109,관광 민예품 및 선물용품 소매업,내국인,남성,9280,10018,292651390
202109,관광 민예품 및 선물용품 소매업,내국인,여성,12693,13862,379019030
202109,관광 민예품 및 선물용품 소매업,중국,알수없음,1,1,17000
202109,그외 기타 분류안된 오락관련 서비스업,내국인,남성,44,51,1300600
202109,그외 기타 분류안된 오락관련 서비스업,내국인,여성,58,60,1022200
202109,기타 수상오락 서비스업,내국인,남성,69,75,4760800
202109,기타 수상오락 서비스업,내국인,여성,42,46,1984800
202109,기타 외국식 음식점업,내국인,남성,1795,1845,56938850
202109,기타 외국식 음식점업,내국인,여성,968,984,31930300
202109,기타 외국식 음식점업,중국,알수없음,2,2,63000
202109,비알콜 음료점업,내국인,남성,22090,23940,226189886
202109,비알콜 음료점업,내국인,여성,19981,21622,211493686
202109,비알콜 음료점업,중국,알수없음,6,7,50500
202109,빵 및 과자류 소매업,내국인,남성,16293,17524,316091096
202109,빵 및 과자류 소매업,내국인,여성,20995,22553,393601296
202109,빵 및 과자류 소매업,중국,알수없음,17,18,705300
202109,서양식 음식점업,내국인,남성,48101,52679,1130413425
202109,서양식 음식점업,내국인,여성,53973,58948,1145807758
202109,서양식 음식점업,중국,알수없음,18,20,739850
202109,스포츠 및 레크레이션 용품 임대업,내국인,남성,4917,5447,307646610
202109,스포츠 및 레크레이션 용품 임대업,내국인,여성,2735,3002,186537539
202109,스포츠 및 레크레이션 용품 임대업,중국,알수없음,17,19,2294450
202109,일식 음식점업,내국인,남성,9193,9441,594930956
202109,일식 음식점업,내국인,여성,7201,7419,404639030
202109,중식 음식점업,내국인,남성,7194,7481,175994510
202109,중식 음식점업,내국인,여성,4083,4266,99701904
202109,중식 음식점업,중국,알수없음,12,16,627000
202109,"피자, 햄버거, 샌드위치 및 유사 음식점업",내국인,남성,17656,18868,227680499
202109,"피자, 햄버거, 샌드위치 및 유사 음식점업",내국인,여성,14018,15014,181833720
202109,"피자, 햄버거, 샌드위치 및 유사 음식점업",중국,알수없음,14,18,245000
202109,한식 음식점업,내국인,남성,139751,146012,5716491308
202109,한식 음식점업,내국인,여성,105496,110259,4045019182
202109,한식 음식점업,중국,알수없음,51,59,3399200
